Rank,TeamId,TeamName,LastSubmissionDate,Score,SubmissionCount,TeamMemberUserNames
1,16698435,MKhlystun,"2026-08-12 12:03:09",0.946,6,mkhlystun
2,16687973,CloseAI,"2026-08-12 01:19:10",0.944,10,"devansh26,liaoyixu"
3,16677738,"Lukas Nissen Molvær","2026-08-12 12:08:09",0.943,7,lukasnissenmolvr
4,16674959,"Brandon Low","2026-08-12 09:10:05",0.942,30,zxkyouma
5,16679386,"Pizza Boy","2026-08-11 20:15:43",0.941,25,pizzaboythe3rd
6,16687458,JOLEE,"2026-08-09 10:56:56",0.938,2,leejung209
7,16682597,"Sida Zuo","2026-08-12 11:18:37",0.937,9,sidazuo
8,16671004,"Aastik Rajan15","2026-08-12 06:43:17",0.936,18,aastikrajan15
9,16683744,"codex rybaka","2026-08-11 04:42:54",0.935,11,yuriplot
10,16679132,Ignat,"2026-08-11 22:33:22",0.934,14,ignatgotin
11,16670390,Siontist,"2026-08-12 15:11:41",0.932,5,timothyossowski
12,16670790,Ichigo_E,"2026-08-11 06:11:37",0.931,1,ichigoe
13,16687899,rhoskeri,"2026-08-10 16:48:50",0.930,1,rhoskeri
14,16679645,qkrtkddnjs,"2026-08-09 05:30:22",0.930,8,qwrfsdr
15,16679219,YassY_The_AlchemYst,"2026-08-12 09:24:27",0.929,15,yassineelhallaoui
16,16669560,"Mehmet Özer","2026-08-11 21:41:18",0.929,17,ozermehmet
17,16674421,"all you need is VRAM","2026-08-11 21:52:52",0.928,12,grennwolf
18,16684062,Raihan🇧🇩,"2026-08-12 15:15:43",0.928,9,raihanjs
19,16698608,"Wei Xin Lim","2026-08-12 11:58:01",0.928,3,weixinlim
20,16685131,jcrudy,"2026-08-11 23:30:17",0.928,10,jcrudy
21,16685295,"Dominik 🇵🇱","2026-08-12 06:48:30",0.928,15,dudzia
22,16679583,"Marcin Jarosz","2026-08-12 15:07:17",0.927,19,mjarosz
23,16672669,1c,"2026-08-11 18:24:37",0.926,10,rian55
24,16674635,"Sebastian Mondragon","2026-08-12 02:36:25",0.926,4,basmondragon
25,16680000,Daaky,"2026-08-11 01:52:18",0.926,4,akihikowada
26,16668929,"kaggle & graduate trade-off","2026-08-12 09:03:01",0.926,12,"chengtingyi,ggayoayogg,p4rallax"
27,16669013,Ousagi,"2026-08-11 09:10:17",0.924,2,enzowalter
28,16683099,"John Park","2026-08-11 07:24:43",0.924,20,sigint
29,16669696,Chikuwabu,"2026-08-12 13:31:12",0.924,8,prgckwb
30,16686656,darijan,"2026-08-12 15:52:11",0.923,11,darijan
31,16692318,redblackberry,"2026-08-10 11:48:13",0.923,4,redblackberry
32,16686442,"Amal Saad Alshehri","2026-08-11 18:11:22",0.923,6,amalalshehri
33,16674489,Coffeethefifth,"2026-08-11 01:49:21",0.920,3,okilireaya
34,16682810,Jazztarou,"2026-08-12 06:48:13",0.919,6,jazztarou
35,16680059,"Zhizhou Sha","2026-08-12 10:32:37",0.919,22,zhizhousha
36,16668884,"Tony Li","2026-08-12 16:28:47",0.919,25,tonylica
37,16675117,jimmyYang1016,"2026-08-10 12:28:16",0.919,12,jimmyyang1016
38,16673578,ji-ma,"2026-08-09 18:13:47",0.918,8,nkjima
39,16669895,Volkopat,"2026-08-12 06:15:59",0.918,11,volkopat
40,16670197,suguuuuu,"2026-08-12 12:46:23",0.918,9,sugupoko
41,16671273,tyamanashi,"2026-08-12 14:41:09",0.918,10,tyamanashi
42,16690081,tam,"2026-08-11 08:22:08",0.917,5,tomkake
43,16670470,"Homin Park","2026-08-11 21:10:08",0.917,9,powersimmani
44,16668815,"Fabian Friedland","2026-08-11 02:41:19",0.916,24,fabotelli
45,16683273,"Andy Xu","2026-08-11 05:12:43",0.916,4,ayzxu8
46,16687712,"Romain Hardy","2026-08-12 03:10:22",0.916,6,romainhardy
47,16669055,DECEM,"2026-08-12 05:47:54",0.916,11,zy1343930734
48,16690655,"Matteo Vitali","2026-08-12 11:58:14",0.915,9,matteovitali1004
49,16691239,"Tom Aindow","2026-08-12 09:28:37",0.915,9,taindow
50,16670265,"Shun Kuraishi","2026-08-12 12:02:26",0.914,13,shunkuraishi
51,16682570,Pirhosseinlou,"2026-08-11 12:54:48",0.914,6,pirhosseinlou
52,16672052,"James Y","2026-08-08 22:53:30",0.914,3,redoctopusk
53,16699036,"Arnav Mishra #2","2026-08-12 06:25:27",0.914,9,arnavmishra02
54,16677780,"Apoorv Saraogee","2026-08-12 00:53:32",0.914,18,apoorvsara
55,16670603,nnc,"2026-08-12 04:49:54",0.913,10,daimarusui3
56,16670414,TmT,"2026-08-11 09:45:19",0.913,4,tamotamo
57,16669009,Roman,"2026-08-12 04:57:29",0.913,10,"paulehrlich99,romanvuskov"
58,16669328,"Kita Renji","2026-08-11 05:23:44",0.913,8,champpattara
59,16672967,xnx,"2026-08-12 13:59:58",0.912,19,yuheikoike
60,16678727,Ak,"2026-08-11 19:20:21",0.912,4,abisheksrivastav
61,16684302,Kevin,"2026-08-11 14:44:49",0.912,2,kevinzodiac
62,16670829,"Subin An","2026-08-11 22:26:46",0.912,17,subinium
63,16676548,🦵YOKKOISHO🦵,"2026-08-12 12:22:00",0.912,20,"shin9915,syamoji141chan"
64,16670471,"dataset della mamma","2026-08-12 08:25:05",0.912,26,nicolascayuela9
65,16680206,naladalatejas,"2026-08-11 20:16:26",0.912,7,naladalatejas
66,16680443,"Scott Willis","2026-08-12 14:26:47",0.911,21,scottgwillis
67,16680464,"Sandeep Kumar #2","2026-08-12 07:26:29",0.911,9,sandeepkumar96808
68,16669964,bai2ertwo,"2026-08-12 10:47:44",0.911,20,bai2ertwo
69,16704620,eszn,"2026-08-11 04:00:57",0.910,5,esznxx
70,16679280,Xie-Eze,"2026-08-11 13:29:09",0.910,11,xieeze
71,16680216,JunHwanKwon,"2026-08-11 05:36:23",0.910,12,gr0442
72,16689785,"D-Rose's Left ACL","2026-08-11 03:40:24",0.910,8,"alantanfeng,ricecakar,willchub"
73,16691626,"Purandhar Ram Choppa","2026-08-12 00:42:37",0.910,9,purandharramchoppa
74,16670732,"Pilkwang Kim","2026-08-11 10:30:40",0.910,9,pilkwang
75,16691383,ispromashka,"2026-08-12 06:55:11",0.909,6,ispromashka
76,16672776,dodos72,"2026-08-11 09:51:12",0.909,13,"dodos72,dodos722"
77,16693901,"Charles Savas","2026-08-11 07:19:39",0.909,7,charlessavas
78,16703346,RicardoLópez,"2026-08-12 13:59:24",0.909,9,richi2489
79,16712141,cf696666,"2026-08-12 13:48:29",0.909,4,cf33333
80,16680835,"Changye Li","2026-08-12 00:09:54",0.909,13,antoinegg1
81,16672118,SeaGoat,"2026-08-10 22:36:23",0.909,5,vbandaru
82,16670888,tereka,"2026-08-12 13:46:55",0.908,3,tereka
83,16671925,"Uzumaki Julius","2026-08-12 08:31:45",0.908,10,uzumakijulius
84,16702494,"master oogway","2026-08-11 08:45:39",0.908,6,shoeinakayama
85,16669380,"Mattia Angeli","2026-08-12 11:03:22",0.907,15,mattiaangeli
86,16669172,"Tim Krige","2026-08-11 22:22:08",0.907,7,timkrige
87,16671933,"Komil Parmar","2026-08-12 12:39:04",0.907,5,komilparmar
88,16698224,"Feng Jiahui","2026-08-12 09:11:15",0.907,13,junipersky
89,16678103,HunterBlue,"2026-08-12 13:29:25",0.907,7,marianacodebase
90,16684429,"Youssef ARRASSEN SHOW","2026-08-11 08:44:06",0.907,3,youssefarrassenshow
91,16701321,Kayven,"2026-08-12 13:30:36",0.907,8,kayven
92,16684974,"Atharv Sharma","2026-08-12 09:56:09",0.906,2,atharvsharma
93,16687097,"Yash Bishnoi","2026-08-10 22:05:25",0.906,5,yashbishnoi98
94,16697840,"Daniel solo","2026-08-12 09:35:41",0.906,6,danielsolo1770
95,16685446,"John A M Beltran","2026-08-11 11:25:24",0.906,6,johnambeltran
96,16691234,DeeperNet,"2026-08-12 05:10:42",0.906,5,deepernet
97,16676770,vladee,"2026-08-12 09:11:03",0.906,8,vladee
98,16677098,"Nuclear Geek","2026-08-12 14:30:07",0.906,10,nucleargeek
99,16709582,"Latifa Riziki","2026-08-12 12:05:49",0.906,4,latifariziki
100,16671735,"lin xiang sun1145","2026-08-12 03:29:38",0.906,17,linxiangsun1145
101,16693127,"Dylan Hogarth","2026-08-11 00:06:45",0.906,7,dylanhogarth
102,16679396,"Ben Pepper","2026-08-12 12:51:01",0.906,15,bhpepper
103,16677043,prvsiyan,"2026-08-12 12:42:05",0.906,19,prvsiyan
104,16691392,"Random Hero","2026-08-12 12:50:32",0.906,7,raisefamous
105,16669175,"Tucker Arrants","2026-08-10 21:54:59",0.906,7,tuckerarrants
106,16686349,dmist,"2026-08-11 22:24:54",0.905,1,dmist036
107,16682243,"Резван Гатауллин","2026-08-09 11:44:21",0.905,5,rezvangataullin
108,16695475,kluless,"2026-08-10 03:48:16",0.905,3,kluless
109,16682080,"Jay Gautam","2026-08-12 06:22:57",0.905,3,jaygautam007
110,16675349,"Yet, WiaLive !","2026-08-11 04:08:08",0.904,9,yetwialive
111,16691416,TakamaruEX,"2026-08-11 09:47:47",0.904,4,takamaruex
112,16674460,"Ignasi Alemany","2026-08-11 18:57:07",0.904,7,ignasialemany
113,16681839,pritom2357,"2026-08-11 12:32:33",0.904,11,pritom2357
114,16691894,"Aditya #4","2026-08-10 16:38:57",0.903,3,adyprat
115,16683776,OzanM.,"2026-08-12 06:44:55",0.903,15,analyticaobscura
116,16680135,jarryJafery,"2026-08-12 10:01:12",0.903,12,sjarry
117,16671570,Arunodhayan,"2026-08-12 15:03:10",0.902,18,arunodhayan
118,16678059,"Sushanth Tiruvaipati","2026-08-12 16:40:46",0.902,33,sushanthtiruvaipati
119,16679020,Ibrahem-A163,"2026-08-11 08:48:14",0.902,12,ibrahema163
120,16690196,"Yusaku Muroya","2026-08-11 05:46:06",0.902,9,ymuroya47
121,16679304,"kevin zhou","2026-08-09 09:22:36",0.902,7,"kevinzhou66,kylahcodes"
122,16689838,t2better,"2026-08-11 10:25:55",0.902,10,t2better
123,16670630,YT,"2026-08-12 10:56:03",0.901,15,"takeharuyoshikawa,yosukeyama"
124,16671624,dutzc,"2026-08-12 06:31:05",0.901,19,"lntuzhaochen,simanli627,youleme"
125,16671192,"Kyle Wang","2026-08-12 00:41:20",0.901,28,ky1ewan9
126,16669082,"Manan Gupta","2026-08-07 05:29:38",0.901,15,obirdy
127,16690255,"Himmel Maskine","2026-08-11 19:26:48",0.901,9,morpickedfields
128,16670307,yasu,"2026-08-12 12:07:02",0.901,11,yasutakababa
129,16692715,"Catalin Butacu","2026-08-11 22:11:18",0.900,10,catalinbutacu
130,16670707,"Sho Okiyama M.D., Aillis CEO","2026-08-12 12:33:34",0.900,27,shookiyama
131,16678099,"Jack Cole","2026-08-11 20:59:02",0.900,21,jcole75
132,16693381,souju00,"2026-08-12 10:35:33",0.900,12,souju00
133,16681693,"Osamah Al-Qershi","2026-08-11 23:24:29",0.900,16,osamahalqershi
134,16670713,i3,"2026-08-11 18:30:06",0.900,14,ishijima
135,16689280,"SELEKTED GUYS","2026-08-11 21:16:46",0.900,5,"hseyinbayolu,yusufaliselek"
136,16668917,"Filip Strzałka","2026-08-12 00:08:32",0.900,19,snufkin77
137,16688222,"Ishan Sharma","2026-08-12 05:58:13",0.900,7,ishansharma13
138,16675482,"Harri Somakanthan","2026-08-12 11:56:15",0.900,31,harriwashere
139,16686351,"Henrique Viana","2026-08-10 12:15:52",0.900,5,h03v25
140,16680219,HiroyukiSasaki,"2026-08-11 09:00:58",0.900,10,hiroyukisasaki815
141,16670357,"OverfitOracle is all you need","2026-08-10 13:05:27",0.900,12,"alisalmanrana,kimura0415,shiru2"
142,16681233,Fususu,"2026-08-11 04:10:08",0.900,21,phuongncn
143,16675082,"Артём Свинобоев","2026-08-12 09:31:18",0.900,5,ssstelmah
144,16685529,Ehowtan,"2026-08-12 13:52:32",0.899,13,ehowtan
145,16683177,"Salem Ali","2026-08-11 18:57:42",0.899,22,salemali7
146,16692467,tomo11111,"2026-08-11 13:54:44",0.899,15,tomo11111
147,16691637,"Aqib Raza","2026-08-11 04:44:22",0.899,6,aqibrazadev
148,16672815,Himeno,"2026-08-12 12:39:53",0.899,7,lepidon
149,16678239,ASHUTOSH2914,"2026-08-12 05:47:52",0.899,11,ashutosh2914
150,16676047,RuleCraft,"2026-08-12 05:57:30",0.899,8,ljs2546
151,16694530,"Killer Coder","2026-08-11 08:10:32",0.899,13,killercoder
152,16670359,"ömer kiraz","2026-08-10 09:59:19",0.899,15,merkiraz
153,16683139,"Dhruv Arora","2026-08-11 04:52:03",0.899,6,dhruvarora07
154,16678722,"Seok, Jeongeum","2026-08-12 11:42:31",0.899,25,seokjeongeum
155,16677976,"André Luiz Pedroso","2026-08-12 10:10:33",0.899,16,andreluizpedroso
156,16674931,"Krazy KIller","2026-08-12 14:13:01",0.899,27,"dimaspashaakrilian,nxtirfan"
157,16670897,"Surya milenial","2026-08-12 12:59:52",0.899,34,suryamilenial
158,16674749,PavelLiashkov,"2026-08-11 10:24:08",0.899,14,bigbag1983
159,16672645,CuteClaw,"2026-08-12 14:30:59",0.899,25,bloodmoonwq
160,16670990,HumbleHumbert,"2026-08-11 08:46:28",0.899,10,humblehumbert
161,16670334,"Mohamed Amine Aichaoui","2026-08-11 02:09:07",0.899,8,mohamedamineaichaoui
162,16697990,"Yunus Gümüşsoy","2026-08-10 21:31:38",0.899,3,yunusgmsoy
163,16671383,zihan,"2026-08-11 12:21:57",0.899,3,"nale1111,yuepixing"
164,16696579,waticson,"2026-08-11 12:59:38",0.899,1,yutodennou
165,16670912,Ikeda0516,"2026-08-12 06:50:49",0.899,2,ikeda0516
166,16680715,kylinhanx,"2026-08-12 07:37:09",0.899,6,kylinhx
167,16684460,"Abnormal Man","2026-08-10 06:47:21",0.899,9,"aadigupta7686,koushikrudra,nabidnur"
168,16675709,Neko,"2026-08-12 10:46:13",0.899,13,ootake
169,16683880,Yvonne.,"2026-08-11 11:16:27",0.899,10,zdawer250
170,16684817,Adarsh,"2026-08-10 20:15:29",0.899,6,"akhilbh10,madarshbb"
171,16670461,"Terry Benjamin Jr","2026-08-12 03:35:51",0.899,20,terrybenjaminjr
172,16676582,yukiZ,"2026-08-10 05:10:34",0.899,6,hideyukizushi
173,16695295,"A Aswanth Raj","2026-08-11 07:59:17",0.899,2,aaswanthraj
174,16695646,"kwon yong deuk","2026-08-09 20:50:04",0.899,5,kwonyongdeuk
175,16694780,hotaq,"2026-08-09 12:40:48",0.899,2,chinnaphatkhun
176,16685211,panda__MB__maximus,"2026-08-09 13:28:46",0.899,1,tanishmohokar09
177,16669515,"Shubham Sahu","2026-08-09 14:04:23",0.899,3,shubhamsahu2003
178,16691211,Enma,"2026-08-09 14:40:48",0.899,4,tupakulasivashankar
179,16673007,"Mathurin Ache","2026-08-09 14:42:33",0.899,6,mathurinache
180,16696293,today,"2026-08-09 14:43:29",0.899,1,today55
181,16671317,StephenNedumpally,"2026-08-09 17:53:14",0.899,12,stephennedumpally
182,16669684,"Kumar Abhijeet","2026-08-09 20:29:23",0.899,4,krabhijeet
183,16675971,"Amil Gentili","2026-08-09 20:41:52",0.899,3,agentili
184,16680145,AM,"2026-08-11 01:37:16",0.899,6,adammekky
185,16681260,daoviet,"2026-08-11 09:57:29",0.899,17,daoviet
186,16677191,"Ieshan Meghani","2026-08-10 05:51:40",0.899,5,ieshanmeghani
187,16682873,生如夏花,"2026-08-10 15:03:52",0.899,17,"duoliya,linyeping,sereinovov,wangying2026"
188,16671228,"Jeki Wan Taufik","2026-08-10 02:47:27",0.899,8,jek1wantaufik
189,16678066,Hossein,"2026-08-12 13:37:54",0.899,5,tomi85
190,16698921,"Minh Thien","2026-08-10 06:25:39",0.899,1,wolfoo
191,16675592,"Bright O.H.","2026-08-12 05:41:36",0.899,5,brightoh
192,16671902,"Prateek Gupta","2026-08-10 07:46:31",0.899,9,iamprateek
193,16699397,"hamdi mohamed","2026-08-11 22:42:56",0.899,3,hamdimohamed22
194,16687361,"Sakhawat Hossen","2026-08-11 21:35:14",0.899,5,sakhawathossen
195,16698259,Outlier,"2026-08-10 09:13:30",0.899,1,"hyunseop1,jep0805"
196,16697242,"Dev Parikh","2026-08-10 11:55:05",0.899,1,molaritydev09
197,16673922,Lixin73,"2026-08-11 04:10:20",0.899,16,lixin73
198,16701170,"Rishi Arora","2026-08-10 12:36:07",0.899,1,rishiarora0
199,16669091,"Akhilesh godugu","2026-08-10 12:37:53",0.899,20,akhileshgodugu
200,16700756,NaomiFridman,"2026-08-10 12:40:41",0.899,1,ripcurl
201,16676000,"KAIWALYA RAUT","2026-08-10 12:49:42",0.899,5,kaiwalyaatulraut
202,16675588,patnaik18,"2026-08-12 03:55:49",0.899,6,patnaik18
203,16673118,Calaweh,"2026-08-10 13:47:11",0.899,3,likhuiwee
204,16690132,Vanshika,"2026-08-10 14:01:44",0.899,1,crystalbaby
205,16672513,"Jordi Corbilla","2026-08-11 15:31:40",0.899,8,jordicorbilla
206,16682972,yuki16,"2026-08-10 14:41:55",0.899,11,yuki16
207,16690364,AnyTeam,"2026-08-11 07:11:44",0.899,8,"beratkirbiyik,maksutopurolu"
208,16701949,"Braedyn  ","2026-08-10 15:38:06",0.899,1,braedyn123413
209,16669023,"Md. Hamid Hosen","2026-08-10 16:11:08",0.899,9,hosen42
210,16669002,"Baidalin Adilzhan [dsmlkz]","2026-08-10 16:46:29",0.899,3,baidalinadilzhan
211,16692260,"Aryavrat Mishra","2026-08-12 02:07:47",0.899,3,aryavratmisrha
212,16670531,"Santiago Maniches","2026-08-11 18:48:35",0.899,9,santmani
213,16676832,"Kunal Desale","2026-08-12 04:22:45",0.899,4,kunaldesale2408
214,16702159,"Igor Vorotnikov","2026-08-10 18:18:07",0.899,1,igorvorotnikov
215,16678187,"Zain Ali Nasir","2026-08-10 19:01:56",0.899,6,zainalinasir
216,16687295,"WeiJun Dou","2026-08-11 09:14:43",0.899,7,wayjunedou
217,16703217,"Mohammad Dehghanmanshadi","2026-08-10 20:33:41",0.899,1,mohammaddehghan
218,16676598,AnirudhBalmuri,"2026-08-10 20:54:27",0.899,1,anirudhbalmuri
219,16679627,"Tsingtao Bro","2026-08-10 21:42:12",0.899,3,qiweiyin
220,16681500,LEONELBC,"2026-08-10 22:26:13",0.899,5,"leonelbc,valentinaclaros"
221,16685646,suminshim,"2026-08-10 22:53:32",0.899,2,suminshim
222,16704430,"larp larp larp sahur","2026-08-11 18:54:45",0.899,2,matteofagerberg
223,16689769,Blacklions.,"2026-08-11 14:26:47",0.899,10,blacklions
224,16704469,"80+ Community","2026-08-11 00:56:01",0.899,1,"eastonsell,wshepelev"
225,16695149,walkrunfly,"2026-08-12 02:02:40",0.899,20,walkrunfly
226,16684127,"Pawan Rama Mali","2026-08-12 12:49:01",0.899,2,pawanmali
227,16682134,"junseok lee","2026-08-12 00:22:54",0.899,8,jaslee2
228,16674071,"Narendra Sirvi","2026-08-12 04:27:58",0.899,13,narendras78
229,16682242,Boiled-Sweet-Potato,"2026-08-11 04:58:51",0.899,6,boiledsweetpotato
230,16685433,"Hùng Nguyễn Huy (Hiirooo)","2026-08-11 04:57:29",0.899,7,hngnguynhuy
231,16689097,"Mahabub Alahi Atik","2026-08-11 05:35:18",0.899,1,mahabualahiatik
232,16682994,"Israr Ahmed","2026-08-11 05:58:42",0.899,1,israrahmed919
233,16706003,Jensen_01,"2026-08-11 06:29:42",0.899,1,jensen01
234,16682503,"Pavel Pavlov","2026-08-11 07:07:32",0.899,2,akakii
235,16669746,"Aman Atar","2026-08-11 07:46:19",0.899,9,amanatar
236,16682952,Jairam,"2026-08-11 07:49:59",0.899,1,jairamgaming
237,16671070,Tron,"2026-08-11 08:17:20",0.899,1,cjj3779
238,16706740,"SONAM EYDEN","2026-08-11 09:19:12",0.899,1,sonameyden
239,16690092,"talha ","2026-08-11 09:23:33",0.899,5,talha5787
240,16670952,"TAKASHI AZUMA","2026-08-11 09:45:32",0.899,1,takashiazuma
241,16676262,"Kazuki Harada","2026-08-11 10:26:47",0.899,1,kazukiharada85
242,16707086,Ace,"2026-08-11 10:35:06",0.899,1,shikhageekachad
243,16707232,Yusuraume,"2026-08-11 11:27:36",0.899,5,sugitatomohiko
244,16669367,Gengsr,"2026-08-11 11:20:56",0.899,16,gengsr
245,16705708,"Arturo Gutiérrez Aguilar","2026-08-11 12:01:24",0.899,2,jarturo
246,16690602,"Mina Gayid","2026-08-11 13:34:12",0.899,1,minagayid
247,16670538,"Kush Patel","2026-08-12 00:13:55",0.899,17,kushp3690
248,16707859,"Shree Dharshan","2026-08-11 13:56:24",0.899,1,shreedsanthagunam
249,16669507,"VAP RF5","2026-08-11 15:21:07",0.899,1,vaprf5
250,16669222,really?,"2026-08-11 16:41:35",0.899,14,udaken10
251,16671101,"Jiachen Li","2026-08-11 18:24:08",0.899,13,llccqq624
252,16706230,questiondlmarks,"2026-08-11 19:35:59",0.899,2,questiondlmarks
253,16670306,"Roland Luethy","2026-08-12 04:49:41",0.899,3,rluethy
254,16701586,"Thiago Farya","2026-08-11 22:43:13",0.899,1,thiagofarya
255,16676238,JungHwan,"2026-08-12 07:16:20",0.899,10,najunghwan
256,16677602,"laff trakk","2026-08-12 02:24:21",0.899,2,"ethanbwang888,lrodri22"
257,16693302,vht1230981255,"2026-08-12 03:26:07",0.899,1,vht1230981255
258,16699061,"ming + pogus","2026-08-12 03:32:54",0.899,1,"natthakitt,pogusthewhisper"
259,16682811,"Cam-Luan Truong","2026-08-12 04:04:24",0.899,4,luantruong
260,16709951,helloWorld,"2026-08-12 08:11:41",0.899,1,ngvnhoan
261,16669309,"петроградка national team 52","2026-08-12 08:38:52",0.899,11,"johnjanson,romantamrazov"
262,16672965,"Aleksandr  Larko","2026-08-12 10:02:12",0.899,2,alexxanderlarko
263,16669226,"Francesco Campigotto","2026-08-12 13:38:34",0.899,3,francescocampigotto
264,16712124,Saseki,"2026-08-12 15:36:23",0.899,2,saseki
265,16712857,"Rajan Nagarajan","2026-08-12 14:13:55",0.899,1,narajan
266,16672183,mahdi,"2026-08-12 14:31:53",0.899,2,mbonyani
267,16694432,"Utkarsh #2","2026-08-10 20:45:32",0.899,5,n0va007
268,16670673,mizukami,"2026-08-12 08:29:39",0.899,28,rumo11
269,16678140,Varshinir.dcv,"2026-08-10 05:14:02",0.899,2,varshinirdcv
270,16671701,"Hồng Bảo Đoàn","2026-08-11 03:38:06",0.899,8,hngboon
271,16680608,Steven,"2026-08-10 11:46:56",0.899,3,stevenpp
272,16676837,Dennis,"2026-08-12 03:44:50",0.899,8,dennisfong
273,16700679,cyberia,"2026-08-10 10:57:43",0.899,1,cyberia
274,16696397,"Ahmet Abdullah Gültekin","2026-08-11 13:09:13",0.899,5,abdullahgultekin
275,16701590,"Jamie Nojek","2026-08-12 02:06:39",0.899,15,jamienojek
276,16703126,"Teddy Tennant","2026-08-10 22:08:06",0.899,2,thtennant
277,16696100,moss,"2026-08-11 21:26:10",0.899,3,kenyashimizu
278,16696768,"maximo lorenzo y losada","2026-08-11 12:55:35",0.899,12,maximolorenzoylosada
279,16705587,"those how","2026-08-12 08:15:27",0.899,2,thosehow
280,16698251,yamanoue_sinbee,"2026-08-12 12:17:59",0.899,2,yamanouesinbee
281,16697793,"Arya Arun","2026-08-12 15:00:58",0.899,8,aryaarun07
282,16708975,DugnKon,"2026-08-12 14:43:59",0.899,2,damdung2005
283,16706785,navyashettynsagae,"2026-08-12 06:10:24",0.899,3,navyashettynsagae
284,16691369,"Hafida Belayd","2026-08-11 22:40:54",0.899,9,hafidabelayd
285,16684961,"Michael Cardoza","2026-08-10 12:37:49",0.899,11,michaelcardoza
286,16669710,FOYSAL,"2026-08-10 03:30:32",0.899,12,foysalemonshanto
287,16670402,kglctf,"2026-08-12 10:11:01",0.899,39,kglctf
288,16672675,"Pavlo Ivanin","2026-08-10 08:20:07",0.899,6,pavloivanin
289,16668886,"Octavi Grau","2026-08-10 10:21:22",0.899,4,octaviograu
290,16701224,Polarchit,"2026-08-10 13:03:22",0.899,1,polarchit
291,16669187,"Knee Knight","2026-08-11 07:16:32",0.899,5,oakaroo
292,16687713,kingslayer778,"2026-08-09 17:45:57",0.899,10,kingslayer778
293,16683993,"Utomo Abimail","2026-08-09 14:34:08",0.899,6,utomoabimail
294,16689982,"Mitudru Dutta","2026-08-09 14:41:08",0.899,1,mitudru
295,16682563,"Utkarsh Prakash Srivastava","2026-08-09 14:41:43",0.899,5,utkarshps
296,16693474,"Bocen Li","2026-08-09 16:22:45",0.899,2,bocenli
297,16671966,deepresearcher08,"2026-08-10 17:49:39",0.899,4,deepresearcher08
298,16697049,Jubaer,"2026-08-09 17:02:09",0.899,1,jubaer36
299,16696343,"Kelvin Stephan","2026-08-10 00:26:57",0.899,2,kelvinstephan
300,16670382,github/shepsci/kaggle-skill,"2026-08-10 13:01:30",0.899,7,shepscientific
301,16697091,DR_Mkelvo,"2026-08-10 20:55:16",0.899,6,drmkelvo
302,16669213,"Kunal Aarse","2026-08-09 17:46:51",0.899,2,kunalinfinite
303,16676785,"good question","2026-08-09 18:14:48",0.899,4,"cakiki,leakabjesz"
304,16697579,kkkk,"2026-08-09 18:31:17",0.899,1,gaopengren
305,16670373,"Emre Cirak","2026-08-09 18:38:52",0.899,10,biohack44
306,16682698,"Imaad Fazal","2026-08-09 19:06:40",0.899,8,imaadfazal
307,16697372,wmh0331,"2026-08-10 06:46:58",0.899,2,wmh0331
308,16669302,Lonnie,"2026-08-09 19:44:50",0.899,1,lonnieqin
309,16676800,ShiyiLIN0922,"2026-08-09 22:07:02",0.899,12,shiyilin0922
310,16697671,Ash0666,"2026-08-10 13:21:46",0.899,3,ash0666
311,16697988,Chloe,"2026-08-09 21:40:31",0.899,2,baytree1238
312,16675119,"Karim Fadi","2026-08-10 10:24:17",0.899,8,karimfadi
313,16670330,"Lamine Yamal","2026-08-11 04:09:46",0.899,8,ermanman
314,16687845,"Adrian Dubois","2026-08-09 23:19:44",0.899,1,adriandubois
315,16698110,"H. Emir Can","2026-08-10 21:40:23",0.899,5,aerospacer
316,16672442,Loren-wen,"2026-08-10 00:25:42",0.899,5,wofusituerte
317,16692154,ThomasG,"2026-08-12 15:22:45",0.899,7,thomasgamet
318,16671616,"Eric Han Wang","2026-08-11 06:22:21",0.899,15,ericwang03
319,16695892,"Mingkang YAN","2026-08-12 01:17:47",0.899,18,mingkangyan
320,16694641,"Sébastien MATHIEU","2026-08-10 08:19:22",0.899,2,negtitep
321,16680534,HongyuChen123321,"2026-08-10 02:13:56",0.899,2,hongyuchen123321
322,16698203,write_jade,"2026-08-10 10:05:32",0.899,2,writejade
323,16670756,"YERMES AMINE","2026-08-12 08:28:01",0.899,23,yermes
324,16692434,MiladJalali007,"2026-08-11 23:32:15",0.899,13,miladjalali007
325,16689683,"Jang Singh","2026-08-11 16:50:01",0.899,13,jangsingh
326,16677394,Akhyar,"2026-08-09 18:00:52",0.899,12,akhyar2612
327,16675212,"Denis Rukavishnikov","2026-08-09 15:00:06",0.898,16,denisrukavishnikov
328,16682077,韦名一心,"2026-08-11 05:41:16",0.898,1,fanch123
329,16706132,minhtu.mt.mt,"2026-08-12 08:34:41",0.898,7,minhtu123
330,16676303,"Ali Alghaithi","2026-08-12 07:59:16",0.898,28,alioman
331,16690989,"221B Baker's Cyst","2026-08-11 10:14:11",0.898,10,"alexrodrguezr,atoarr"
332,16669271,"Pathik Patel","2026-08-11 16:22:51",0.898,9,pathik1511
333,16682468,"Yash Gandhe","2026-08-09 12:11:07",0.898,7,yashgandhe
334,16678306,"Abdessamed Zetroni","2026-08-09 20:19:20",0.898,7,abdessamedzetroni
335,16677885,"Kea Kohv","2026-08-10 17:20:40",0.897,5,keakohv
336,16684699,"Kun Zhang","2026-08-09 07:36:41",0.897,5,beicicc
337,16693099,"Liam Price","2026-08-11 14:34:52",0.897,5,liamprice1211
338,16668992,"Ivan Sabev","2026-08-11 18:46:55",0.897,12,ivansabev
339,16670704,john,"2026-08-09 12:43:00",0.897,4,jaejohn
340,16690538,im_justmatthew,"2026-08-10 09:14:09",0.897,6,imjustmatthew
341,16670613,moda,"2026-08-09 10:30:59",0.897,2,kouheinoda
342,16671568,renta.k,"2026-08-09 11:02:45",0.897,20,renta0426
343,16669455,"Erfan Mirhosseini","2026-08-09 12:49:43",0.897,11,erfanmirhosseini
344,16669050,Efthimios,"2026-08-09 16:43:34",0.897,6,efthimiosfousekis
345,16711763,"mon mon121","2026-08-12 14:20:20",0.897,2,monmon121
346,16671087,tachyon777,"2026-08-12 04:26:43",0.897,8,tachyon777
347,16671195,"Alissa King","2026-08-09 05:39:44",0.897,2,alissaking
348,16671772,xsong2020,"2026-08-09 06:27:45",0.897,2,xstargate
349,16690094,Keredu,"2026-08-09 09:06:03",0.897,10,keredu
350,16695350,"Lu Mingming","2026-08-09 11:30:03",0.897,2,mming0430
351,16695603,pinecone,"2026-08-09 12:30:45",0.897,2,kimpinecone
352,16684558,Jimkom,"2026-08-09 19:21:35",0.897,1,jamesmukoma
353,16680487,"NGUYỄN VĂN QUANG TRƯỜNG","2026-08-10 04:48:36",0.897,3,nguynvnquangtrng
354,16686326,"Mursal Gorchuyev","2026-08-12 15:39:05",0.897,5,mursalgorchuyev
355,16675625,"Hiroyasu Okuno","2026-08-12 14:14:31",0.897,5,hiroyasuokuno
356,16697307,"Felix Quek","2026-08-12 09:17:18",0.897,3,felixquek
357,16680392,"Anh-Vu Mai-Nguyen","2026-08-11 02:57:48",0.896,5,mainguyenanhvu
358,16693812,WangXuC,"2026-08-09 05:15:27",0.896,1,wangxuc
359,16693874,"yeh shibang","2026-08-11 08:33:11",0.896,3,yehshibang
360,16669480,"Kumaran K","2026-08-09 10:58:09",0.896,15,kumarandatascientist
361,16694263,Toru59er,"2026-08-09 07:13:37",0.896,1,toru59er
362,16680554,"MANAS NARKAR","2026-08-09 11:50:06",0.896,11,manasnarkar
363,16692015,mgt127,"2026-08-09 07:33:05",0.896,1,mgt127
364,16684143,Noooo!!,"2026-08-09 07:39:18",0.896,2,surasan092
365,16674693,"Stefano Billeter","2026-08-10 16:58:59",0.896,9,stefanobilleter
366,16679457,"Ercan Gurvit","2026-08-12 13:52:53",0.896,11,ercangurvit
367,16682705,Keisuke,"2026-08-12 12:36:59",0.896,7,kesuke
368,16671046,"Tara Labs","2026-08-12 04:12:10",0.896,25,caoyupeng
369,16680360,Heichanc,"2026-08-12 01:09:03",0.895,6,heichanc
370,16670291,KevlarZanderChi,"2026-08-09 00:38:18",0.894,12,kevlarzanderchi
371,16693172,"Ali Baouch","2026-08-09 00:14:56",0.894,1,alibaouch
372,16685447,TylerJermann,"2026-08-10 23:17:24",0.894,11,tylerjermann
373,16671196,unknown,"2026-08-09 01:31:19",0.894,2,abdullahshafi2021
374,16672578,OpPrime,"2026-08-12 13:35:09",0.894,7,farshidamira
375,16701807,"Dimitar Terziev","2026-08-12 10:53:53",0.894,8,dimiturnt
376,16669681,"One person, One agent","2026-08-10 15:43:06",0.894,10,quan0095
377,16693125,"Peng Wang","2026-08-09 07:15:14",0.894,4,pengwang91
378,16678668,"Imran Ahamed","2026-08-09 03:59:10",0.894,7,immu4989
379,16680432,"Said Mohamed Omary","2026-08-10 13:24:35",0.894,7,saidmohamedomary
380,16669073,"Roman Rozen","2026-08-11 21:46:18",0.894,20,romanrozen
381,16670797,"Farhan Abid","2026-08-11 10:43:43",0.894,1,farhanabidtech786
382,16670054,Opalakia,"2026-08-12 13:20:24",0.893,5,alexanderchar
383,16687719,"PRIYANSHU PANDEY","2026-08-10 10:18:19",0.893,5,"harshitb24cs1031,justalazybun"
384,16690477,Dante,"2026-08-08 22:31:27",0.893,2,tawaragiyuhei
385,16688312,"Sadidul Islam","2026-08-11 03:17:44",0.893,3,sadidul012
386,16693062,allisluck,"2026-08-09 06:13:40",0.893,1,jackyzqs
387,16690518,"Aaron Samuel","2026-08-09 18:35:06",0.893,5,aaronmosamuel
388,16678457,Nikita,"2026-08-10 16:09:20",0.893,3,nikitagajbhiye30
389,16669819,MJVinay,"2026-08-08 18:27:17",0.893,13,mallajayanthvinay
390,16692584,Shiva,"2026-08-08 19:09:40",0.893,1,shivasai77
391,16692808,"Musab Ahmed","2026-08-08 21:04:34",0.893,1,musabyagoub
392,16677846,"Ahmad MAQSOOD1233","2026-08-10 15:03:37",0.893,2,ahmadmaqsood3e3e3
393,16682100,"Namra Desai","2026-08-10 17:39:41",0.893,7,namra001
394,16684893,kishizaki-sci,"2026-08-08 10:41:17",0.893,2,superstringdev
395,16675504,Eshwar2111,"2026-08-11 11:05:37",0.892,2,eshwarb2111
396,16676462,"Alessandro Piccin","2026-08-11 18:48:30",0.892,3,alessandropic
397,16687886,yuto083,"2026-08-11 08:09:51",0.892,8,yuto0712
398,16683958,"for alll 100","2026-08-11 04:36:06",0.892,6,foralll100
399,16696281,mikebeth,"2026-08-11 12:17:12",0.892,7,miguelbeta
400,16689079,SunaoCool,"2026-08-08 06:15:13",0.891,2,yoshikinishita
401,16678550,Mahimn,"2026-08-08 21:38:57",0.891,8,mahimn
402,16672795,"FasterYouChase FasterIRun","2026-08-12 14:52:41",0.891,4,icoguser
403,16689438,yemaoye,"2026-08-08 07:05:04",0.891,1,yemaoye
404,16685798,零號軌跡,"2026-08-08 07:22:32",0.891,3,y1amadeus
405,16689537,"Grigoryan Sergey","2026-08-08 07:30:28",0.891,2,hertryggr
406,16689605,Samsay24,"2026-08-08 07:47:41",0.891,1,samsay23
407,16674437,Nf4d1l,"2026-08-10 06:42:52",0.891,3,nf4d1l
408,16684775,yaphanqiii,"2026-08-11 14:07:24",0.891,3,yaphanqiii
409,16690023,"Olaf Yunus Laitinen Imanov","2026-08-08 09:24:56",0.891,2,olaflundstrom
410,16689241,khj1222,"2026-08-08 09:22:11",0.891,1,khj1222
411,16676701,"Hari Raman Pokhrel","2026-08-10 00:44:13",0.891,7,hariramanpokhrel
412,16684626,lingyu07,"2026-08-12 08:35:50",0.891,4,lingyu07
413,16690337,Niclo,"2026-08-08 10:08:21",0.891,2,midcarryhz
414,16680620,"Shivam Sharma","2026-08-11 02:02:20",0.891,12,jxm222
415,16690592,"Vishal Maurya","2026-08-08 11:08:38",0.891,2,vishalmaurya0906
416,16690502,Antonoof,"2026-08-08 13:29:07",0.891,2,antonoof
417,16687970,Zhanpeng.W,"2026-08-09 13:25:29",0.891,6,zhanpengw
418,16678579,Casualty,"2026-08-12 15:19:36",0.891,23,"acerolaorionblade,chichunleung,hezeming"
419,16688990,"Kyle Goosen","2026-08-09 08:13:10",0.891,4,kylegoosen
420,16674764,"Bharath Varma","2026-08-12 13:18:40",0.891,6,bharath111l
421,16668994,sukirman,"2026-08-08 14:29:44",0.891,3,rakbidb
422,16684258,"Ade Fiqri","2026-08-08 15:54:40",0.891,3,adefiqri12
423,16669245,"Charismatic Pizza Party🍕","2026-08-08 14:54:24",0.891,10,debugendless
424,16678340,"Muhammad Haroon","2026-08-08 15:27:11",0.891,1,har00n
425,16691767,"Mike MacLean","2026-08-08 16:19:03",0.891,1,mikemaclean
426,16678328,"navazsh fathi","2026-08-08 18:32:30",0.891,8,navazshfathi
427,16692445,"Fedor Bogomolov","2026-08-08 18:46:35",0.891,1,fedorbogomolov
428,16692473,"Kavya Bhand","2026-08-09 05:12:17",0.891,2,kavyabhand
429,16692297,"Chiagoziem Nneke","2026-08-08 21:00:56",0.891,1,chiagoziemnneke
430,16670832,Less,"2026-08-08 22:12:43",0.891,1,jiaoyouzhang
431,16693100,"Eyad El Hawary 🇵🇸","2026-08-08 23:29:15",0.891,1,eyadelhawary02
432,16691727,Leonard,"2026-08-09 06:20:39",0.891,2,hunan431102
433,16677391,"Raahim Nawaz","2026-08-09 06:33:06",0.891,1,raahimnawaz
434,16685851,Furina,"2026-08-10 14:21:21",0.891,2,cjlcjlcjl
435,16691824,pp1985,"2026-08-09 07:53:49",0.891,1,ppilania1985
436,16685594,AbhilashVJ,"2026-08-09 08:16:57",0.891,1,abh001
437,16685932,"Agnel Vishal","2026-08-09 08:46:27",0.891,7,agnelvishal
438,16694823,mango,"2026-08-09 14:02:41",0.891,2,mango789
439,16676943,Erdousky,"2026-08-11 18:28:48",0.891,6,erdousky
440,16695083,"Raiyana Rufaida","2026-08-09 11:28:36",0.891,1,shes1r
441,16687653,AdamJonesJohnson,"2026-08-09 13:17:16",0.891,1,adamjonesjohnson
442,16687927,"Sagnik Bhadury","2026-08-09 13:46:33",0.891,4,sagnikb
443,16680711,"William Wakefield","2026-08-09 15:45:14",0.891,1,williamcwakefield
444,16672501,"Pranav Magadi","2026-08-09 17:54:35",0.891,4,pranavmagadi
445,16676951,"Aiman Al-Shalfi","2026-08-10 10:19:30",0.891,7,aimanalshalfi
446,16697897,"Yin Li","2026-08-11 13:53:27",0.891,6,kevin250304
447,16681958,"Hikmet Calayır","2026-08-11 05:40:38",0.891,7,hikmetcalayr
448,16694001,"Daniel Petro","2026-08-12 07:54:58",0.891,7,dan512
449,16680857,SuleimanQ,"2026-08-12 05:59:04",0.891,14,suleimanq
450,16693603,"Bernard Boatey","2026-08-10 11:37:29",0.891,3,bernardboatey
451,16668913,"Joseph Adamski","2026-08-11 11:52:05",0.891,11,josephadamski91
452,16679816,"Valentina Catalano","2026-08-11 04:44:00",0.891,2,valecc
453,16702038,M4tyuuu,"2026-08-10 23:43:47",0.891,2,m4tyuuu
454,16703328,Dusty,"2026-08-11 00:36:59",0.891,1,pratheekmajji
455,16705191,hubert,"2026-08-11 02:37:05",0.891,1,kaideijidezxb
456,16696405,"Atilla Y","2026-08-11 12:48:23",0.891,1,atillay
457,16679101,"Fae Gaze","2026-08-11 16:07:49",0.891,3,achievement
458,16707967,yotsutose,"2026-08-11 16:30:18",0.891,1,yotsutose
459,16707652,mediumGuy,"2026-08-12 05:29:44",0.891,1,mediumguy
460,16679151,"UGUR OZER","2026-08-12 13:26:13",0.891,1,aeonairisk
461,16712612,yoshi1331,"2026-08-12 13:59:32",0.891,1,yoshi1331
462,16707642," I AM A LEARNER","2026-08-12 14:17:18",0.891,1,ribblez
463,16701349,"Aditi ","2026-08-12 15:15:29",0.891,1,vats837aditi
464,16681135,"RanjithKumar Ragavan","2026-08-12 15:17:33",0.891,8,ranjithragavan07
465,16688888,atkaggler,"2026-08-11 11:44:29",0.891,2,atkaggler
466,16678587,"Shahzeb Khoso","2026-08-09 01:00:45",0.891,1,shahzebkhoso
467,16668976,Vineet_Kumar,"2026-08-09 05:29:21",0.891,2,vineetk20
468,16693235,roro128,"2026-08-09 09:25:07",0.891,5,roro128
469,16679023,"Mangal Chakraborty","2026-08-10 18:12:32",0.891,7,mangalchakraborty
470,16697838,"Notebook Noobie","2026-08-10 09:51:58",0.891,5,notebooknoobie
471,16681999,CANOE,"2026-08-10 04:35:12",0.891,4,acanoe
472,16691948,"Nicolai Karcher","2026-08-12 11:03:58",0.891,10,pejophylo
473,16698687,Amr,"2026-08-12 13:12:04",0.890,5,elshahed
474,16684958,"Anhad Mahajan","2026-08-12 09:07:35",0.890,16,anhadmahajan06
475,16674465,ththjyj,"2026-08-09 18:08:27",0.890,6,ththjyj
476,16671449,KV7,"2026-08-12 03:21:13",0.890,5,kaveh7777
477,16677839,"James Mullen","2026-08-12 16:23:05",0.890,1,jimmullen
478,16688200,LED,"2026-08-11 12:45:37",0.889,3,"erikcahyadi,longhuy17,mhpham"
479,16694307,Zinger,"2026-08-10 02:17:33",0.888,2,bechirelloumi
480,16680837,imainjob,"2026-08-12 13:27:50",0.888,9,imainjob
481,16678904,"Sergey Subbotin","2026-08-11 19:04:24",0.888,3,ssubbotin
482,16673011,DONGGEUN,"2026-08-12 11:25:24",0.887,2,donggeun
483,16680012,Doublej37,"2026-08-09 13:40:36",0.887,1,doublej37
484,16675795,karnezz,"2026-08-11 01:33:18",0.887,1,danischaparov
485,16706431,奇诺·凡·海尔辛,"2026-08-11 08:18:42",0.887,2,tmdbyf
486,16706198,"Ujjwal Aggarwal","2026-08-11 09:43:19",0.887,1,ujjwalaggarwal402
487,16682951,"Manoj L9865988","2026-08-11 10:30:09",0.887,2,manojl9865988
488,16708893,"Yessine Zghal","2026-08-11 18:27:33",0.887,1,yessinezghal
489,16696071,khursani,"2026-08-12 08:45:58",0.886,16,khursani8
490,16670805,"Paul Bryan Elefante","2026-08-10 03:04:52",0.886,10,heuljax
491,16682295,"Bhaskar Barot","2026-08-11 12:01:09",0.886,8,bhaskarbarot
492,16676481,chill,"2026-08-11 02:18:50",0.886,3,k256net
493,16687084,giacomovin,"2026-08-10 21:30:55",0.886,1,giacomovin
494,16676623,holyholy,"2026-08-11 12:16:20",0.885,1,holy5contents
495,16675208,ask812,"2026-08-08 18:46:48",0.885,7,ask812
496,16678893,"Alejandro Izaguirre","2026-08-12 02:12:30",0.885,7,alejandroizag
497,16671159,zx2,"2026-08-12 07:53:24",0.885,8,www051586401319
498,16696553,Morpheus0303003,"2026-08-12 07:09:22",0.885,5,morpheus0303003
499,16688272,Nasser,"2026-08-09 20:08:11",0.884,1,nchams3
500,16705322,AbeLincoln1865,"2026-08-12 04:46:01",0.884,2,abelincoln1865
501,16676783,"Khoi Dang","2026-08-09 01:22:28",0.884,4,ngockhoidang
502,16678651,rohan024245,"2026-08-10 23:48:29",0.883,3,rohan024245
503,16673831,"Gabriele Santoro","2026-08-11 06:54:58",0.882,4,gabrielesantoro
504,16681579,"DEHAI WANG","2026-08-10 07:57:01",0.882,10,dehaiwang
505,16671808,"Vaibhav Gupta","2026-08-09 22:21:16",0.882,17,vaihero
506,16689426,"Cihat Emre Çeliker","2026-08-11 21:25:20",0.882,2,celiker
507,16671662,"Hira Norm","2026-08-10 23:54:27",0.882,10,hiranorm
508,16692846,"Lev Neganov","2026-08-11 10:22:40",0.881,5,levoel
509,16669418,Ali,"2026-08-11 21:57:18",0.881,1,asalhi
510,16687336,"Awnikant Ajay","2026-08-09 00:41:13",0.880,11,awnikantajay
511,16679344,"Andrei Dorobantu","2026-08-09 00:02:11",0.879,3,andreidorobantu
512,16668924,Bull,"2026-08-08 08:32:42",0.878,1,welshonionman
513,16685402,infamemconculcemus,"2026-08-12 07:40:41",0.878,15,jcgweb
514,16692891,"Shashwat Bajpai","2026-08-12 00:02:48",0.878,17,shashwat1729
515,16678903,"Kerem Celik","2026-08-08 13:52:46",0.877,3,keremelik
516,16677658,QSynPrim,"2026-08-11 06:10:29",0.877,8,"ksmashhero,mohammedrehaans"
517,16705254,Cha-mic,"2026-08-11 11:24:02",0.877,3,michihisaohara
518,16679667,MeeMee,"2026-08-12 05:57:30",0.877,5,yagi46
519,16694867,"Killian Monnin","2026-08-12 09:49:55",0.877,5,killianmonnin
520,16692043,"Maciej Brzeski","2026-08-12 14:29:09",0.877,5,maciejbrzeski
521,16692308,"Rob Boyd","2026-08-12 02:45:05",0.876,2,robboyd
522,16691390,"Abdallah Higran","2026-08-09 23:56:17",0.876,4,abdallahhigran
523,16680914,JYA,"2026-08-10 19:18:18",0.876,8,yaojixing
524,16671967,"MD. Nazmus Sakib Anik","2026-08-12 14:07:27",0.875,10,"beyondlogic,mdmahtabalirafin,turag10"
525,16680273,nori8774,"2026-08-12 15:02:04",0.875,1,norimasayamamoto
526,16697965,"Angel Estrada Quality","2026-08-11 01:10:13",0.875,8,angelestradaquality
527,16669336,fc,"2026-08-12 11:21:49",0.875,17,ngenechen
528,16703880,"Alberto Mocchi","2026-08-11 22:46:53",0.874,1,albertomocchi99
529,16668808,koooeo,"2026-08-10 16:42:56",0.873,2,koooeo
530,16668807,"Nur Srijan","2026-08-09 19:09:32",0.872,13,nursrijan
531,16671686,"Myo Min Htet(wnp)🇲🇲","2026-08-09 08:04:32",0.871,8,myominhtet
532,16699361,"Aakash Kavuru","2026-08-12 12:54:21",0.871,3,aakashkavuru
533,16687791,"Yunusa Hussein Adeiza","2026-08-09 08:29:16",0.871,3,yunusahusseinadeiza
534,16680028,"Fajri Yanuar Shiddiq Juanda","2026-08-11 16:15:59",0.871,5,fajriyanuar
535,16684256,Nikunj1375,"2026-08-10 04:59:51",0.871,1,nikunj1375
536,16690945,roberttwill,"2026-08-09 03:06:52",0.871,2,roberttwill
537,16669234,kreininmv,"2026-08-12 14:07:16",0.870,7,kreininmv
538,16672111,doncli,"2026-08-10 05:36:01",0.869,5,doncli
539,16674810,"Yusuke Hayashi","2026-08-12 11:51:44",0.869,13,yhay81
540,16680131,fishface,"2026-08-12 01:40:48",0.869,6,fishface
541,16679395,tomplumber,"2026-08-10 21:17:57",0.868,7,maxmender
542,16668841,"Ahmed A.","2026-08-11 14:59:20",0.868,5,archie40004
543,16683526,tz,"2026-08-10 18:32:36",0.868,11,elysii
544,16671727,Wonderwall,"2026-08-11 10:34:20",0.867,3,yuxiang328
545,16687635,"Django de Vreng","2026-08-10 09:16:42",0.867,3,djangodevreng
546,16678723,"Sadam Torres","2026-08-12 02:04:59",0.866,3,sadamtorres
547,16671508,"Vu Tran Hoang","2026-08-12 08:42:57",0.866,1,hoangvux
548,16675250,"Indian Statistical Institute","2026-08-12 09:15:31",0.866,5,"aklanta,amartyaamritanshu,rajneeshyadavisi"
549,16712305,"Ismail Harfi","2026-08-12 14:14:19",0.865,1,ismail89
550,16691816,"Dongyong Lee","2026-08-11 22:06:24",0.865,6,shemissmebutidont
551,16695381,Aiden-Kwak,"2026-08-12 00:03:31",0.862,3,aidenkwak
552,16698261,"Saugi Alkaf","2026-08-11 07:17:58",0.862,4,syaugialkaf
553,16686764,tsuyu122,"2026-08-12 16:49:02",0.862,9,tsuyu122
554,16687402,kimh,"2026-08-12 16:20:07",0.861,1,myeonghyun
555,16671152,"Tianyu Wang","2026-08-09 14:02:42",0.861,4,kevinwang0305
556,16690341,diet1236364,"2026-08-11 09:16:41",0.860,2,kosuke123
557,16697740,"Pralay Ghosh","2026-08-12 00:22:42",0.860,6,pralayghosh83
558,16669068,"The light that shines","2026-08-09 07:22:24",0.860,8,nkosindwandwe
559,16699829,brokenBone,"2026-08-12 11:48:53",0.860,5,victorokpe
560,16706187,"Stephen Gardner","2026-08-11 19:49:23",0.860,1,flight0234
561,16677260,"Jerome Tam","2026-08-12 06:11:53",0.859,4,jerometam
562,16693815,三天,"2026-08-12 01:48:47",0.859,1,gggggggxy
563,16696756,cameronezrajones579,"2026-08-11 01:36:33",0.859,2,cameronezrajones579
564,16674445,stevenleehans,"2026-08-09 12:02:04",0.859,12,stevenleehans
565,16669805,Bjørn-Jostein,"2026-08-12 11:09:23",0.857,3,bjoernjostein
566,16680490,"Watcharin Buason","2026-08-10 14:36:40",0.857,6,chawwatcharin
567,16695080,"Alejandro Soto Franco","2026-08-10 18:04:35",0.856,1,alejandrosotofranco
568,16671031,"Rayan Babur","2026-08-08 02:01:44",0.856,2,rayanbabur
569,16678366,"Christian Jenei","2026-08-10 19:33:27",0.856,7,christianjenei
570,16670950,Juyong,"2026-08-12 14:19:11",0.855,17,kimdoong
571,16686028,Xander,"2026-08-12 12:31:57",0.855,5,canqiang
572,16670602,"Takuya Mizutani","2026-08-12 10:22:40",0.855,5,takuyamizutani
573,16669169,kigasudayooo,"2026-08-11 15:20:29",0.854,4,argon1215
574,16680091,"Billy Peiritsch","2026-08-11 16:43:10",0.854,13,billypeiritsch
575,16679591,mohit,"2026-08-09 04:29:23",0.853,1,mohitvarred
576,16669416,Abdulsamad,"2026-08-10 03:01:08",0.853,20,abdulsamadjod1234
577,16669614,DhawalModi,"2026-08-12 06:28:11",0.853,4,daveconnor
578,16690340,dvv_ram,"2026-08-10 01:34:48",0.852,7,ddvram
579,16679949,morningduck,"2026-08-12 12:32:16",0.852,16,morningduck
580,16670002,"Fayner Costa","2026-08-11 14:15:19",0.851,2,faynercosta
581,16702491,ss,"2026-08-11 07:35:54",0.851,2,forest2026
582,16698215,"Ali Hasnain","2026-08-11 05:12:47",0.850,7,alihasnain34
583,16680495,"Mike Mordetsky","2026-08-12 08:26:36",0.850,16,mikemordetsky
584,16675444,"Ihor Olkhovatyi","2026-08-10 07:42:28",0.850,2,tylerdurden73
585,16682350,"Murat Yıldırım","2026-08-09 17:56:26",0.850,2,muratyldrm
586,16690377,X-xuhui,"2026-08-10 05:36:22",0.849,1,xxuhui
587,16687320,"kirubel nigusu","2026-08-08 06:32:33",0.848,2,kirubelnigusu
588,16687918,datageek,"2026-08-12 09:25:42",0.848,4,abdelmajiderramaline
589,16695450,HIQaH22,"2026-08-12 08:23:03",0.848,4,hiqah22
590,16671113,shu01,"2026-08-08 03:03:31",0.848,1,shu01jp
591,16678751,"Nake Kahlon","2026-08-10 13:11:37",0.848,3,nakekahlon
592,16674675,"Mathis Champagne","2026-08-11 14:00:08",0.847,7,mathischampagne
593,16694302,"Lachlan Cahill","2026-08-12 07:51:38",0.847,1,lachlanmcahill
594,16670009,"Giovanny Rodríguez","2026-08-12 11:04:31",0.847,24,giovannyrodrguez
595,16671634,"PC Jimmmy","2026-08-12 01:59:46",0.847,19,pcjimmmy
596,16692096,dav,"2026-08-12 15:13:04",0.847,4,davidtarrasapuebla
597,16679472,"Niklas L","2026-08-11 15:28:44",0.846,4,niklasdev
598,16686198,"Archit Konde","2026-08-12 15:35:53",0.846,5,architkonde
599,16703582,"John Abish","2026-08-12 00:18:24",0.846,6,johnabish
600,16688953,Hawksartelier,"2026-08-10 02:16:52",0.846,3,satyapb2002
601,16670601,hikahika,"2026-08-11 12:27:40",0.845,13,naganohikaru
602,16680997,DiegoSolarte,"2026-08-11 03:45:47",0.845,5,diegosolarte
603,16668887,mikelou1,"2026-08-07 04:22:27",0.845,8,mikelou1
604,16688459,soul,"2026-08-08 02:40:43",0.844,1,soul80
605,16687576,"Nicholas Dominic","2026-08-10 01:49:40",0.844,2,nicholasdominic
606,16698153,"Amr Salah Salem","2026-08-12 03:47:49",0.844,3,amrsalahsalem
607,16670250,"Simone di costanzo","2026-08-08 10:21:48",0.843,12,simonedicostanzo
608,16684942,"Joseph Rynkiewicz","2026-08-08 04:46:05",0.843,3,josephrynkiewicz
609,16676207,"Tianxi Liang","2026-08-08 18:28:22",0.843,1,sodiumchloride123
610,16678234,"Juan F Rojas","2026-08-10 03:32:34",0.843,8,juanfrojas
611,16680232,"Rohit Chaudhari","2026-08-12 14:16:40",0.842,2,rohitchaudhari25
612,16670013,"Sergio Alvarez","2026-08-10 16:23:59",0.842,2,sersasj
613,16688923,"Gio Kim","2026-08-10 00:32:25",0.842,1,yelloworangebananaa
614,16684304,"mohamed hassan","2026-08-08 17:06:19",0.841,2,mohamed1211
615,16671559,"Arad Hajari","2026-08-07 18:38:16",0.841,9,aradhajari
616,16702880,"Vishnu R Mohan","2026-08-12 09:01:59",0.840,9,vishnurmohan
617,16685449,Nadeem,"2026-08-07 21:15:02",0.840,1,nadeembinshajahan
618,16697787,UddipanB,"2026-08-12 04:43:48",0.840,1,uddipanb
619,16680533,shehai.lrs,"2026-08-08 14:19:20",0.840,1,shehailrs
620,16675876,Ramcer,"2026-08-09 14:38:34",0.839,2,saiduttaabhishekdash
621,16686229,"San Francisco Armory","2026-08-10 15:41:00",0.839,2,"destrxylxnely,diahram,dshhrv"
622,16685662,"PPO POO go","2026-08-08 15:07:22",0.839,5,ppopoogo
623,16669105,Maxim,"2026-08-12 05:59:09",0.839,4,ektarr
624,16682339,guakekuangren,"2026-08-09 01:56:02",0.839,5,guakekuangren
625,16693017,AndrewHaggstrom,"2026-08-11 06:08:25",0.839,2,andrewhaggstrom
626,16669630,"Mawra Musawar","2026-08-08 10:58:38",0.839,7,mawramusawwar
627,16680461,"Phạm Vương","2026-08-11 14:43:49",0.838,6,vuongphamqq
628,16677867,T88,"2026-08-12 02:14:18",0.838,2,t88take
629,16682327,Galaxy1249,"2026-08-09 17:35:51",0.837,2,galaxy1249
630,16680921,"Semih Güllüoğlu","2026-08-08 07:48:06",0.837,2,semihgllolu
631,16689801,ValkBlox,"2026-08-11 15:16:06",0.836,6,valkblox
632,16677886,"Optimal Prime","2026-08-11 18:11:00",0.836,13,caelix
633,16671068,"Mateus Cruz, Msc.","2026-08-08 13:08:06",0.836,5,matteuscruz
634,16691249,邓567,"2026-08-08 15:45:09",0.836,1,deng567
635,16681235,morningstar,"2026-08-09 05:02:35",0.836,3,bryangasper
636,16677896,TriggerMonkey,"2026-08-11 20:18:51",0.836,2,basselabulhajj
637,16678711,"Ravi Banchhiwal","2026-08-09 21:11:14",0.835,3,ravibanchhiwal
638,16675091,"SharpLook Bones","2026-08-11 07:00:22",0.835,1,"charlottemorandi,easoncyy"
639,16687686,"Kerem Tüzün","2026-08-09 19:01:19",0.835,5,keremtzn
640,16671948,"Naresh Meena","2026-08-09 08:51:13",0.834,3,nareshmeena12
641,16685675,"Nguyên Nguyên","2026-08-12 07:19:14",0.833,3,kirito1sasa
642,16683872,"Sergei Martynov","2026-08-08 19:33:06",0.832,1,sergeimartynov
643,16680241,onthehilluu,"2026-08-11 09:42:21",0.832,12,newtohere
644,16672330,mekduy,"2026-08-07 15:59:19",0.832,1,mekduy
645,16686524,"Andrey Gatsuk","2026-08-07 16:43:39",0.832,1,gatsuk
646,16675431,"Vadim Kurochkin","2026-08-07 18:03:20",0.832,1,vadimkurochkin
647,16670486,"Roy Wei","2026-08-07 18:39:50",0.832,1,renyiwei
648,16677735,MDev,"2026-08-09 08:23:22",0.832,3,sarthaksachan
649,16671514,"Oleksii Zhukov","2026-08-07 19:57:19",0.832,2,zhukovoleksiy
650,16688227,"jorge fabian avila","2026-08-08 00:51:21",0.832,1,jorgefabianavila
651,16671565,RichardZhang73,"2026-08-08 03:17:39",0.832,1,richardzhang73
652,16679464,"Gautham Nandakumar","2026-08-12 06:41:46",0.832,1,gauthamcalico
653,16690842,"Shivam Khetan","2026-08-12 03:07:18",0.832,1,shivamkhetan
654,16682132,"Subin Vidhu","2026-08-11 03:58:43",0.832,7,subinvidhu
655,16672628,N0maD,"2026-08-08 10:01:06",0.831,2,thisisn0mad
656,16688177,Karton4ik,"2026-08-09 00:08:25",0.830,1,karton4ik
657,16687540,lyambdadelta,"2026-08-08 19:57:16",0.829,2,lambdaderta
658,16679801,XIAODOUZI,"2026-08-11 06:57:28",0.829,10,xiaodouzi666
659,16675266,RuiKimura4,"2026-08-08 22:36:33",0.827,5,ruikimura4
660,16687682,iluion,"2026-08-12 08:27:32",0.827,3,iluion
661,16678774,"Hasibul Islam Sifat","2026-08-12 07:22:57",0.827,9,aisipu
662,16679296,"bhavya shah","2026-08-08 15:53:02",0.827,6,bhavyashah007
663,16669965,Ammar,"2026-08-08 17:40:45",0.826,2,ammarhameed
664,16686637,"Toprak Ergül","2026-08-09 11:41:55",0.826,5,"demirpoyrazelcin,kiddingundead"
665,16672050,kinjazA,"2026-08-12 12:13:56",0.826,5,kinjaza
666,16692547,"Sangeet Sharma","2026-08-09 06:18:55",0.826,1,sangiits
667,16684255,"Jeslin P james","2026-08-10 02:31:03",0.826,1,jeslinpjames
668,16670995,roy214,"2026-08-11 16:50:09",0.826,4,phamgianguyen
669,16700947,"Saurabh Tiwari","2026-08-10 11:46:48",0.825,1,saurabhtiwari13
670,16698085,"Kevin Krank","2026-08-12 00:02:30",0.825,2,kevinkrank
671,16685309,YUKRUB,"2026-08-08 07:18:07",0.825,1,yukrub
672,16672978,Seyominaoto,"2026-08-10 00:47:27",0.825,12,seyominaoto
673,16680134,"Jewett Turkson","2026-08-07 14:40:49",0.825,1,jewettturkson
674,16669054,"My knee hurts","2026-08-07 11:11:19",0.824,4,"kennethlie16,zoli800"
675,16686120,"Qingdong Feng","2026-08-08 04:33:30",0.824,1,qingdongfeng
676,16683547,ts2coder,"2026-08-12 08:47:32",0.824,7,ts2coder
677,16679067,"Malyshev Danil","2026-08-10 12:57:54",0.824,4,malyshevdanil
678,16684986,"Kamal Das","2026-08-07 12:38:34",0.824,1,kmldas
679,16673386,F.A.Nina,"2026-08-07 11:21:38",0.823,5,nina2025
680,16685060,webcainiao,"2026-08-07 12:51:39",0.823,2,web3cainiao
681,16685585,"Youssef EL MSIYAH","2026-08-07 19:38:04",0.823,1,youssefelmsiyah
682,16673210,dipz,"2026-08-11 06:44:41",0.823,16,xdipzz
683,16686234,Venkat011003,"2026-08-12 16:54:21",0.822,4,venkat011003
684,16687154,"Jake O'Brien","2026-08-11 07:54:06",0.822,4,jakeobr1en
685,16683323,karthiksatya1610,"2026-08-11 18:18:11",0.822,14,"chirrashyamprakash,karthiksatya1610"
686,16675360,koulet3011,"2026-08-08 07:27:10",0.822,1,koubasho
687,16677061,"Gabriel Berrueta","2026-08-10 15:52:29",0.821,1,gabrielberrueta
688,16684115,"Ishank Gupta","2026-08-12 06:21:26",0.821,4,"ishankgpt02,muskanjadoniitmadras"
689,16690979,"Lorena Bango Vigo","2026-08-10 19:41:44",0.820,1,lorenabangovigo
690,16669063,Will,"2026-08-09 10:24:24",0.819,6,wguesdon
691,16679593,HulkBulk,"2026-08-10 09:29:28",0.819,2,hulkbulk
692,16671480,"Fernando Rodrigues","2026-08-11 03:11:39",0.819,12,fernandosr85
693,16677766,"Youssef Ouertani","2026-08-07 14:08:44",0.818,1,youssefouertani
694,16678961,"Igor Orlachev","2026-08-12 09:10:16",0.817,8,igororlachev
695,16678417,"Spyros Vythoulkas","2026-08-08 17:54:16",0.816,2,spyrosvythoulkas
696,16680887,石澤凰雅,"2026-08-12 11:22:32",0.816,1,ouga1shizawa
697,16685297,ET,"2026-08-12 05:52:26",0.816,13,etakaya
698,16685813,stefanoclss,"2026-08-12 13:44:46",0.816,7,stefanoclss
699,16692041,ryan,"2026-08-11 08:26:41",0.815,1,"hayden1126,ryanhocn"
700,16671149,"Paritosh Kumar Tripathi","2026-08-08 16:20:44",0.814,1,paritoshtripathi5
701,16681283,Soham,"2026-08-11 16:04:05",0.814,9,soham308
702,16679759,KhanZKhan,"2026-08-11 11:26:53",0.813,9,khanzkhan
703,16697479,nammovuivui,"2026-08-11 10:02:47",0.813,1,tranbadat
704,16674021,"[Deleted] 8116f50d-cb9b-4dd8-bc99-6e3d064daf51","2026-08-08 19:55:49",0.813,9,del=c21e6a8a03ad3b3c
705,16670744,"Ben Hamilton","2026-08-10 11:14:03",0.811,4,kineticaxisstudio
706,16678508,ZOUL,"2026-08-12 07:49:49",0.811,1,rithin84812
707,16685381,alisalisaa,"2026-08-11 11:30:03",0.810,3,alisalisaa
708,16680976,I_luv_magick,"2026-08-07 06:46:42",0.810,5,iluvmagick
709,16671615,"and more","2026-08-09 21:59:37",0.810,7,kym2022
710,16679506,"Udit Jain","2026-08-07 00:52:37",0.810,1,iamudit
711,16671437,Matulich,"2026-08-12 06:36:26",0.809,13,patrickmatulich
712,16671549,harryeps,"2026-08-11 16:45:10",0.809,2,harryeps
713,16693177,エバラ-プチッとうどん-釜玉うどん-が一番美味しい-SC,"2026-08-12 13:36:01",0.809,6,ryosketchbook2007
714,16682878,ServerlessCreed,"2026-08-12 02:12:37",0.809,3,serverlesscreed
715,16671097,reopon,"2026-08-08 01:01:28",0.809,10,reopon
716,16699545,Nikhil00718,"2026-08-10 10:57:35",0.809,1,"nikhil00718,vaishnavi22052006"
717,16676550,"Abdul Rosyid","2026-08-06 23:51:08",0.809,1,rosyid001
718,16675356,"Rabeet Ur Rehman","2026-08-10 12:13:53",0.809,5,rabeeturrehman
719,16680558,"Jaisal K Jain","2026-08-07 08:32:06",0.809,2,jaisalkjain
720,16683810,"Gobind Singh 82","2026-08-07 11:59:49",0.809,1,gobindsingh82
721,16679256,"Joaquim  Timóteo","2026-08-10 20:57:11",0.809,4,joaquimcarlostimteo
722,16686741,"LI LU STUDENT","2026-08-07 18:40:36",0.808,1,lilustudent
723,16678262,"Aryan Kumar","2026-08-06 18:50:58",0.808,1,kumaryan12
724,16682049,"Prashant Kikani","2026-08-07 09:46:46",0.808,1,prashantkikani
725,16681546,VK,"2026-08-07 06:27:26",0.808,1,venkatkumar001
726,16683614,sereinZhi0926,"2026-08-07 09:06:45",0.808,1,sereinzhi0926
727,16702439,"Jan Steindl-Starlinger","2026-08-12 12:09:47",0.808,1,jansteindlstarlinger
728,16676139,NDNam,"2026-08-07 02:45:55",0.808,2,namndios
729,16671655,PyJa,"2026-08-11 13:41:20",0.808,11,pixiux
730,16670977,AmishMittal,"2026-08-07 16:33:16",0.808,2,amishm
731,16670436,"Ibad Ur Rahman","2026-08-07 14:25:24",0.808,5,ibadia
732,16676414,LeKimono,"2026-08-07 18:09:23",0.808,2,lekimono
733,16675481,"Mykhailo Trushch","2026-08-11 04:55:19",0.808,4,mykhailotrushch
734,16701223,"Janarthan Aathavan","2026-08-12 01:34:50",0.807,1,janarthanaathavan
735,16679746,"Mikey Marszewski","2026-08-06 22:33:42",0.807,1,mikeymarszewski
736,16677831,blackseashark5,"2026-08-06 17:44:49",0.807,1,blackseasharkgcvt
737,16678135,🔥🦫📿🗽,"2026-08-09 20:25:42",0.807,2,datafad
738,16670692,shimosaba,"2026-08-10 05:16:41",0.807,1,yutoshimomura
739,16670000,erenvo,"2026-08-09 14:03:02",0.806,9,erenvoo
740,16670935,hida1211,"2026-08-07 00:33:32",0.806,4,hida1211
741,16684439,Bruhabcdfg,"2026-08-11 22:56:23",0.806,1,bruhabcdfg
742,16681906,"Vikash kumar pandit","2026-08-07 07:36:52",0.806,1,vikash1159pandit
743,16683900,Junlaii,"2026-08-07 09:35:10",0.806,1,junlaii
744,16675018,"ML Clan","2026-08-07 13:47:56",0.805,4,"helloromiro,hubabuba2001,leonidzaporozhets,nazarlukyanov,robertopussini"
745,16680355,"SEUNGHA HWANG","2026-08-08 13:07:56",0.805,2,seunghahwang
746,16676835,DataGeek,"2026-08-08 20:06:44",0.804,2,thakurrajanand
747,16708387,"Isaac Menard","2026-08-12 14:30:20",0.804,3,isaacmenard
748,16681383,"Haider Niaz","2026-08-08 21:28:14",0.804,1,haiderniaz
749,16674721,Civitasmass,"2026-08-07 21:16:20",0.804,5,godhand
750,16688930,"Ahmad Zulfiqar","2026-08-12 03:35:39",0.804,7,ahmadzulfiqar001
751,16681535,Lalith,"2026-08-08 20:36:46",0.803,3,killula33
752,16670337,"Greedy $$$","2026-08-12 06:56:16",0.803,30,"zaouiyassine,zeinebgahbiche"
753,16680916,"Momotaro YAMADA","2026-08-12 11:44:36",0.802,4,"kenoba,momotaroyamada"
754,16685619,LogicLab,"2026-08-11 19:09:08",0.802,8,logiclab
755,16704558,"Aiden Wang","2026-08-12 13:48:04",0.801,3,aidennwang
756,16689111,"Sonu Jha","2026-08-09 03:25:14",0.801,3,sonujha090
757,16669780,"Gourab Roy","2026-08-08 11:32:28",0.801,6,gourabroy553
758,16702722,chocolat,"2026-08-11 19:55:09",0.800,7,chocolatnya999
759,16688951,"Nicholas Fraser7","2026-08-12 09:36:54",0.799,4,nicholasfraser7
760,16690533,DavidWagihW,"2026-08-12 13:58:57",0.798,6,davidwagihw
761,16687718,parcadei,"2026-08-11 23:54:46",0.797,2,parcadei
762,16670754,Gigrise,"2026-08-07 12:57:51",0.797,2,gigrais
763,16679769,"Cihan Atak","2026-08-08 12:40:48",0.796,1,cihanatak
764,16670143,"Sebastian Mateus","2026-08-09 08:50:17",0.796,17,sebastianmateus
765,16679251,"Fernando Faria","2026-08-12 02:58:22",0.794,2,fernandoadefaria
766,16669543,"SeshuRaju 🧘‍♂️","2026-08-08 09:39:16",0.792,1,seshurajup
767,16669391,"Kadir Erturk","2026-08-09 22:33:25",0.792,2,kadirerturk
768,16677769,"Jorge Palma","2026-08-11 22:21:05",0.792,14,jorgepalma
769,16682688,"Ivan Urbanovitch","2026-08-09 07:57:11",0.791,4,ivanurbanovitch
770,16671347,"Shivam Shinde","2026-08-12 04:09:20",0.790,7,shindeshivam
771,16672041,耶✌,"2026-08-10 00:00:08",0.790,15,qifeihhh666
772,16689598,"Mehul Dahiya","2026-08-12 04:01:24",0.790,2,"mambasg,mehuldahiya"
773,16686577,SOSyuki,"2026-08-12 06:27:08",0.789,14,sosyuki
774,16689298,Pieismath,"2026-08-10 05:18:13",0.788,2,pieismath
775,16669533,"Karnakbayev Artur","2026-08-07 00:34:02",0.787,10,karnakbaevarthur
776,16688211,"Manu Nicholas Jacob","2026-08-09 16:29:11",0.787,1,manunicholasjacob
777,16688638,BASIL,"2026-08-11 16:01:40",0.787,2,beizhenchang
778,16679543,"sissoko cheick","2026-08-12 07:44:55",0.787,3,sissokocheick
779,16679223,"Yuri Freitas","2026-08-08 22:55:45",0.787,3,yuribzfreitas
780,16678989,Sahil00001,"2026-08-09 17:44:07",0.784,4,sahil00001
781,16678740,"Yinan Zhu","2026-08-12 03:05:39",0.783,4,yinan08
782,16692201,"Sibusiso Khumalo","2026-08-11 09:16:52",0.783,2,sibusisokhumalo11
783,16671301,"Disleve Kanku","2026-08-11 15:21:43",0.782,3,dislevekanku
784,16683948,"Albert Lutakome2","2026-08-12 15:03:23",0.782,3,albertlutakome2
785,16675288,"Krizsó Gergely","2026-08-08 20:38:09",0.782,15,lucifer19
786,16699094,"sabari nathan","2026-08-11 14:37:20",0.780,1,sabarinathan
787,16688495,"Sơn Nguyễn Hoàng","2026-08-10 15:52:40",0.780,3,songod0906
788,16675617,Hasskeller,"2026-08-11 16:42:27",0.780,2,"bladee333,dominikhahn1407"
789,16679183,"Igor Burkov","2026-08-07 10:31:32",0.779,1,igorburkov
790,16697718,"Jimmy Chase","2026-08-12 10:35:11",0.778,2,jimmychase
791,16692340,"Tom DiFiore","2026-08-11 13:42:19",0.777,1,tomdifiore
792,16689734,Mohib,"2026-08-10 15:12:12",0.777,3,mohib94
793,16682628,chaojiwudiwujie,"2026-08-10 10:02:13",0.777,4,chaojiwudiwujie
794,16683443,"Vaibhav verma","2026-08-12 09:18:24",0.777,2,babatheboss
795,16678427,"Daniel Sauer Soria","2026-08-07 23:08:43",0.776,1,danielsauersoria
796,16702367,"Robin Smits","2026-08-12 05:54:03",0.776,5,rsmits
797,16686281,"Antoine Matemane Mahirwe","2026-08-12 13:56:11",0.776,16,antoinemah
798,16683276,"Keshav Joshi","2026-08-12 10:28:11",0.776,6,keshavjoshi22
799,16675484,"Rahul Ray","2026-08-09 17:46:39",0.776,6,rahulray5
800,16672288,"Murari Ambati","2026-08-07 00:08:33",0.775,4,murariambati
801,16687210,Tae,"2026-08-10 04:43:32",0.774,1,ponghong2744
802,16679221,"Sunny DaysB","2026-08-09 11:37:41",0.774,6,sunnydaysb
803,16675174,Bishalroy999,"2026-08-09 06:04:25",0.773,5,bishalroy999
804,16676988,shd15a,"2026-08-07 07:27:31",0.773,1,shd15a
805,16678333,"Freeman Hui","2026-08-09 12:48:59",0.773,11,freemanhui
806,16677068,"BHARATH .E","2026-08-07 15:18:44",0.773,4,bharath2230
807,16685003,"Jinpyo Yim","2026-08-11 16:54:54",0.772,3,hukatapo
808,16683661,"Shaffaf Thajudheen","2026-08-09 16:20:10",0.772,7,shaffafthajudheen
809,16673993,"Rokaiya Somapti","2026-08-06 08:33:09",0.772,1,rokaiyasomapti
810,16674547,TommyPhan4848,"2026-08-06 09:24:39",0.772,1,tommyphan4848
811,16676412,Drakus,"2026-08-11 11:59:45",0.772,13,drakus74
812,16674333,"Mirza Yasir Abdullah Baig","2026-08-06 14:12:22",0.771,1,myab07
813,16675379,GMpulas\,"2026-08-06 14:09:12",0.771,1,gmpulas
814,16673364,jmmmy,"2026-08-12 13:04:19",0.770,5,jmmmmy
815,16697943,"Ferhat Ersoy","2026-08-11 14:47:40",0.770,2,ferhatersoy
816,16675298,Yuki.O,"2026-08-12 10:13:38",0.770,13,yukiohkawa
817,16677161,"fouad nouamani","2026-08-06 18:55:24",0.770,1,fouadnouamani
818,16675183,anyasri,"2026-08-10 14:59:36",0.769,2,anyasri
819,16684608,"Abdoulaye DIAW","2026-08-12 11:36:55",0.769,18,abdoulayediaw25
820,16674591,Jules,"2026-08-06 11:05:44",0.769,1,julesvanligtenberg
821,16670014,Cyrus,"2026-08-06 09:51:29",0.769,1,jamalsaeedi
822,16673813,fle3n,"2026-08-06 14:27:54",0.768,3,fleongg
823,16678650,Михаил,"2026-08-07 05:14:37",0.767,1,msingatullin
824,16678131,"Mansour A. S. Ataa","2026-08-09 04:17:49",0.767,2,profmansoor
825,16691943,"Hassan Algizani","2026-08-10 12:02:58",0.766,1,hassanalgizani
826,16671080,Akima,"2026-08-10 04:05:56",0.766,1,tanakatentyo
827,16684825,wizard,"2026-08-12 08:21:19",0.765,3,manyagupta1337
828,16675990,"Agent 33","2026-08-07 08:53:05",0.765,3,agent33
829,16697811,"Sayandeep Ghosh","2026-08-12 11:51:50",0.765,2,sayandeepghosh
830,16709448,"Divyansh Atri","2026-08-12 13:17:56",0.764,2,divyanshatri09
831,16670793,"Imade Bouftini","2026-08-10 17:06:27",0.764,1,imadebouftini
832,16683796,ALIREZARE,"2026-08-10 14:15:16",0.764,3,alirezare
833,16672182,"Venkat Balaji S","2026-08-12 03:19:01",0.763,5,dataarthur
834,16688083,"Blox Amaze","2026-08-08 19:18:18",0.763,1,bloxamaze
835,16696152,"Blagoje Samardžija","2026-08-10 12:47:36",0.763,1,blagojesamardija
836,16672223,"Arthur Kim","2026-08-12 03:00:59",0.762,13,lkntrp
837,16685217,gabrielep09,"2026-08-08 14:58:56",0.762,4,gabrielep09
838,16685278,"Satrio Hanif Wicaksono","2026-08-08 11:17:19",0.762,1,"daffamazhar,dyandra,satriohanifwicaksono"
839,16668795,"(ノ◡ <)","2026-08-10 12:24:20",0.761,10,nawfeelrahman1124444
840,16691825,"Gaofeng Huang","2026-08-12 03:44:15",0.760,2,together
841,16672846,"Tomohiro Kikuchi","2026-08-12 00:42:48",0.760,4,tomohirokikuchi
842,16670968,YogaNukko,"2026-08-11 14:02:53",0.760,2,takahitomizunobyts
843,16676661,"This cat is called Fumi","2026-08-12 13:41:57",0.759,5,qwer556617123
844,16672897,Skelp,"2026-08-09 16:11:42",0.759,3,skelpdev
845,16684991,"Pablo Montenegro","2026-08-11 17:09:53",0.759,1,pablomontalb
846,16676401,FO-SHIZZLE,"2026-08-06 19:23:55",0.758,1,mcw0089
847,16680746,cbjtu,"2026-08-10 16:13:58",0.758,10,chenbingjun
848,16679561,"Vu Duy Kien","2026-08-12 10:40:32",0.757,5,vuduykien
849,16671479,"Daniyal Rahman","2026-08-10 22:46:35",0.757,3,daniyalrahman
850,16672149,"soumic 1088","2026-08-08 13:59:20",0.756,6,soumic1088
851,16676206,"Akira Hirohashi","2026-08-06 21:36:28",0.756,1,akirahirohashi
852,16674796,"Claude's Plan","2026-08-11 11:35:06",0.754,5,"bohdankolisnyk,denyspushkaruks"
853,16669000,"Sergi Bas","2026-08-07 11:02:48",0.754,4,sergibas
854,16682982,"Srikant Shubham","2026-08-12 13:13:57",0.753,12,srikantshubham
855,16683676,"Nil Lic","2026-08-11 23:57:06",0.751,6,nillic
856,16691070,"Ron John","2026-08-12 09:24:22",0.750,3,ronsjohn
857,16671755,"Tamerlan Omralinov","2026-08-12 13:45:35",0.750,6,tamerlanomralinov
858,16668943,dpquoc,"2026-08-09 11:29:09",0.750,2,dpquoc
859,16669029,Zulqar,"2026-08-06 09:33:44",0.750,6,johndoe2011
860,16685868,oliver,"2026-08-11 15:41:30",0.748,8,oliverlang
861,16669572,"Danielle Lesin","2026-08-07 13:31:17",0.747,9,ladyfaye
862,16671009,"xl aruol","2026-08-12 03:19:52",0.746,4,xlaruol
863,16678365,"Emil Lambert","2026-08-10 14:14:17",0.745,3,emillambert
864,16685150,KALmia,"2026-08-08 09:07:22",0.744,2,kalmia2000
865,16678577,Spyros,"2026-08-07 11:15:44",0.743,2,spyrosap
866,16684560,"Sarvesh Talele","2026-08-08 18:12:40",0.743,7,sarveshtalele
867,16671131,M2Faqir,"2026-08-10 00:35:24",0.742,2,m2faqir
868,16672553,ShelterW,"2026-08-10 09:34:11",0.742,2,shelterw
869,16689587,pwdh2026,"2026-08-09 23:24:14",0.741,1,pwdh2026
870,16672662,"Alexey Filimonov","2026-08-06 08:19:06",0.741,1,alexeyfil
871,16670992,🦵🔥🥵,"2026-08-06 07:14:26",0.739,1,theonetheonly
872,16673117,ygurar,"2026-08-06 08:37:03",0.739,1,ygurar
873,16672837,"fakhri faros","2026-08-06 09:23:39",0.739,1,fakhrifarosss
874,16672411,"Vladimir Voitovich","2026-08-06 10:37:23",0.739,1,hitimai
875,16674799,"Yogesh Jadhav","2026-08-12 09:41:58",0.736,2,dynamo14324
876,16670379,"Gordeev Max","2026-08-06 03:05:50",0.735,2,gordeevmax
877,16671610,DoubleZs,"2026-08-06 03:08:33",0.735,1,zhang051018
878,16669257,xixi,"2026-08-06 03:28:21",0.735,1,huangcarry26
879,16679539,"Yash Katiyar","2026-08-09 21:06:02",0.735,3,yashkatiyar409
880,16674572,"Radu Stefan","2026-08-08 16:12:04",0.735,2,animamundi820
881,16683494,dataWr3cker,"2026-08-11 07:45:37",0.735,3,gourabr0y555
882,16674588,"Hassan Assad1","2026-08-07 10:45:50",0.731,1,hassanassad1
883,16685805,HMarinov,"2026-08-10 21:47:03",0.730,3,hmarinov97
884,16671161,Khalis-ux,"2026-08-06 10:31:59",0.729,1,khalisux
885,16679569,小出和見,"2026-08-09 08:42:45",0.728,9,kzmk8d
886,16681129,"khalil ayeb","2026-08-08 22:23:56",0.728,8,khalilayeb
887,16677452,KalyanG17,"2026-08-11 11:37:22",0.726,2,kalyang17
888,16689048,arman1o1,"2026-08-10 08:14:39",0.726,2,arman1o1
889,16687878,"Dawood Azeeza","2026-08-12 01:54:15",0.725,3,dawoodazeeza
890,16675317,"Takayuki Higuchi","2026-08-12 16:38:50",0.722,9,takayukihiguchi
891,16671745,Kendamarron,"2026-08-09 13:01:21",0.721,3,kazuhirokuriyama
892,16681967,"sven weidenmann","2026-08-08 05:40:11",0.720,2,svenweidenmann
893,16692681,"Roshan S. Chauhan","2026-08-10 06:31:54",0.719,1,vrosenta
894,16682944,"The Neural Scalpel","2026-08-11 17:35:45",0.718,13,theunknowndev
895,16672347,"Aiden Hopkins","2026-08-09 15:58:54",0.714,3,aidenhopkins
896,16694655,"PISETH SENG","2026-08-12 10:01:36",0.713,5,catejsj
897,16669723,_UwU_,"2026-08-09 03:30:08",0.711,2,claudesewitz
898,16678483,"Dhiyaa Al Jorf","2026-08-11 16:38:34",0.711,3,dhiyaaaljorf
899,16695357,"Mahit Chopra","2026-08-09 20:09:15",0.709,3,mahitchopra
900,16670231,"Porch Goose","2026-08-11 02:23:06",0.709,3,jaclyndeem
901,16688341,"João Victor","2026-08-12 02:24:24",0.708,10,jvlegend
902,16677031,"RICCARDO FORTE","2026-08-12 13:44:56",0.708,1,ricforte
903,16678295,dr.procton,"2026-08-12 10:13:53",0.707,5,procton
904,16675782,"Kevin E R MILLE","2026-08-11 15:35:01",0.705,15,kevinermille
905,16670505,"Joel De la Cruz Fuertes","2026-08-11 17:31:23",0.703,9,joeldcf
906,16685787,cottoncandy,"2026-08-08 02:49:32",0.703,3,"cottoncandy1,saaranshpandey"
907,16677862,"ASMIT GANGULY","2026-08-09 06:20:19",0.702,1,asmitganguly
908,16692757,"Amay Annasamudram","2026-08-12 02:14:17",0.698,8,amayan05
909,16686648,weimean,"2026-08-12 06:39:59",0.696,4,gtwm98
910,16684791,"Frank Westerhoff","2026-08-10 22:10:27",0.696,2,frankwesterhoff
911,16672681,"Hassan Alghamoudi","2026-08-10 11:25:28",0.696,11,hassanabdulhafid
912,16689955,"Khawar Ali","2026-08-09 18:49:38",0.695,3,sneakyscientist
913,16670904,Kentaggle26,"2026-08-09 12:17:09",0.694,5,kentaggle26
914,16678426,Shub-ways,"2026-08-12 10:58:28",0.694,7,meshubhamkr
915,16674134,Yaxon,"2026-08-10 07:44:19",0.693,1,aurax7
916,16677022,sneha1901,"2026-08-10 10:31:19",0.693,4,sneha1901
917,16684848,"Dhananjay Singh","2026-08-12 10:22:15",0.693,4,olliebearman
918,16671360,Saurav,"2026-08-09 19:01:32",0.688,3,sauravchat
919,16683196,kmn,"2026-08-11 19:03:20",0.688,2,kmatsu01
920,16670875,"Emmanuel Nwankwo","2026-08-06 18:08:55",0.687,1,nwankees
921,16703586,"Zhiyuan Li","2026-08-12 06:22:53",0.687,4,fakezhiyuanli
922,16687132,SurajKumar8642,"2026-08-08 11:59:02",0.687,1,surajkumar8642
923,16670928,"Yohannes Baye","2026-08-12 05:15:48",0.687,5,yohannesbaye
924,16705333,"Khoai Lang Say Gion","2026-08-12 15:32:37",0.684,5,phanhuuannguyen
925,16671847,Shirabe,"2026-08-09 11:00:20",0.680,2,carlmakt
926,16680293,"Zaeem Ahmad Mansoori","2026-08-11 11:09:31",0.680,1,zaeemahmadmansoori
927,16691137,"Diego Cheib Hirsch","2026-08-12 11:14:01",0.679,2,diegocheibhirsch
928,16681034,"Tấn Trọng Huỳnh","2026-08-11 13:57:59",0.678,3,tantrong1706
929,16691643,qs22,"2026-08-11 10:38:39",0.677,6,compensator
930,16672539,"Luis Umbides","2026-08-07 19:23:01",0.677,1,luisumbides
931,16672849,rrtopic,"2026-08-09 12:06:35",0.676,2,rrtopic
932,16680046,"O. I. Joshua","2026-08-08 08:03:01",0.675,1,ifechuku1
933,16680284,hikaggler,"2026-08-12 14:47:16",0.673,3,hikarukai
934,16671121,Arv,"2026-08-07 00:04:40",0.673,7,arnavchaturvedi123
935,16670329,"Enrico Ambrosio","2026-08-06 20:09:20",0.673,2,enricoambrosio
936,16687281,"Ho Qi Yuan","2026-08-10 16:46:55",0.672,2,hoqiyuan
937,16686030,"Wissal Ws","2026-08-09 17:43:37",0.672,4,wissalws
938,16682518,chpark,"2026-08-12 00:30:26",0.670,1,bch0322
939,16676267,"Joseph Elliott","2026-08-08 19:04:25",0.669,6,jwelliott
940,16670060,"Yaroslav kholmirzayev","2026-08-12 03:51:11",0.669,2,yaroslavkholmirzayev
941,16681911,"syouya tobita","2026-08-09 18:24:11",0.669,1,syouyatobita
942,16683616,"Евгений Мурзин","2026-08-11 12:17:13",0.668,1,evgeniy555
943,16688874,"Yusuf Yüksel","2026-08-09 10:14:45",0.667,2,yusufyksel55
944,16670606,"Hanif Noer Rofiq","2026-08-06 11:41:35",0.667,3,hanifnoerrofiq
945,16678838,"Helina Tefera","2026-08-08 22:15:47",0.665,2,helinatefera
946,16689377,"shibo liu","2026-08-10 22:26:24",0.665,1,goldship9527
947,16678028,JerryMouse,"2026-08-09 16:59:39",0.664,2,lingxd
948,16687879,"Paul Chuyes","2026-08-09 15:15:45",0.662,8,paulchuyes
949,16677845,IamGRootMSE,"2026-08-09 15:13:47",0.661,4,iamgrootmse
950,16680054,"Adithya AK","2026-08-07 11:22:15",0.659,3,adithyaak29
951,16694341,"Jack Way","2026-08-10 12:25:21",0.658,6,jackway05
952,16684685,"fresh time","2026-08-09 16:19:34",0.656,4,freshtime
953,16683607,holamigohello,"2026-08-12 14:25:19",0.656,4,holamigohello
954,16679072,"ADITYA KUMAR MISHRA","2026-08-12 04:58:32",0.655,2,aditya1kumarmishra
955,16686347,"Parikshit Sen","2026-08-11 13:23:55",0.654,9,parikshitsen
956,16677671,"William Alabi","2026-08-08 20:07:42",0.653,4,williamalabi
957,16677255,Celaris,"2026-08-11 05:53:36",0.651,2,danilopedroso
958,16685163,IamSenso,"2026-08-08 16:56:27",0.650,2,iamsenso
959,16708469,"Mathis DOUTRE","2026-08-12 12:45:54",0.648,1,mathisdoutre
960,16685188,"Bhuvanesh Singla","2026-08-07 15:06:25",0.647,1,bhuvaneshsingla
961,16690009,"Arnab Nandy","2026-08-12 09:57:09",0.647,14,arnabnandy2
962,16682259,Otto_Deviant,"2026-08-12 04:43:40",0.646,2,ottodeviant
963,16679108,"Vladimir Annenkov","2026-08-07 10:37:21",0.646,1,vladimirannenkovml
964,16692358,"itatchy otcheha","2026-08-11 03:17:09",0.644,2,itatchyotcheha
965,16678086,"Ariel Alejandro Amadio","2026-08-10 13:02:19",0.644,4,arielalejandroamadio
966,16678596,Angkon_halder_777,"2026-08-10 09:19:58",0.643,2,angkonhalder777
967,16689546,JovanaLab,"2026-08-12 13:19:26",0.643,4,"choonesenlu,joxitsai"
968,16698497,"Tyler James","2026-08-12 12:32:03",0.643,5,jmidski
969,16687769,"Jose Luis Sabogal U","2026-08-12 02:04:54",0.642,2,joseluissabogal
970,16672616,Podds69,"2026-08-11 20:40:47",0.641,3,podds2022
971,16675746,nassimHa07,"2026-08-11 18:21:38",0.641,4,nassimha07
972,16683743,DevsXX,"2026-08-07 18:09:09",0.640,1,"kartik27s12,krishgos"
973,16684403,"Mohammad Shadab Shaikh","2026-08-09 18:30:22",0.640,11,mohammadshadabshaikh
974,16672197,kif,"2026-08-10 03:10:51",0.639,2,echigobran
975,16692948,"Jon Blanchard","2026-08-11 23:19:43",0.638,10,jonblanchard
976,16711467,"Wilson Veloz","2026-08-12 11:31:34",0.637,1,wilsonveloz
977,16708922,yamadan96,"2026-08-12 08:51:10",0.636,1,yamadan96
978,16706501,"Qamar usman","2026-08-12 09:13:48",0.635,3,qamarmath
979,16691299,"Saanvi Belede Naga","2026-08-09 18:08:18",0.635,4,saanvibeledenaga
980,16687762,psyp1x,"2026-08-10 18:48:13",0.634,2,dilation
981,16691581,Ashiqqq,"2026-08-11 14:43:36",0.633,9,ashiqqq
982,16670722,"Dhavan Shah","2026-08-05 22:43:35",0.630,1,dhavanshah99
983,16671191,"PARAG VIJAY PAWAR","2026-08-06 02:05:56",0.630,1,paragpawar2008
984,16682289,conquiMOMO,"2026-08-11 20:09:31",0.630,1,conquimomo
985,16707698,kiduna1228,"2026-08-12 07:27:59",0.630,1,"haru0707,kiduna"
986,16694629,"Alex Oranov","2026-08-11 12:26:44",0.628,1,aoranov
987,16680574,BeTitanX,"2026-08-11 23:19:08",0.627,9,betitanx
988,16681109,strike,"2026-08-09 05:58:14",0.627,3,nicolia
989,16690235,"Sudipto Event","2026-08-08 18:38:49",0.627,3,sudiptoevent
990,16669588,Mobzya,"2026-08-05 21:08:15",0.625,3,mobzya
991,16682022,_abu_hanif05,"2026-08-10 07:21:22",0.624,11,abuhanif05
992,16677007,"Suryansh Vashisth","2026-08-08 13:40:51",0.622,3,songoku2005
993,16670261,AnthonyTherrien,"2026-08-05 20:16:43",0.621,1,anthonytherrien
994,16670750,hazy_viper,"2026-08-09 07:59:24",0.619,3,ttsuyaogawa
995,16688280,"Luke Stafford","2026-08-09 10:51:48",0.617,3,luketstafford
996,16682319,"ROHAN DAS","2026-08-07 12:08:45",0.617,1,rohankudas
997,16693091,Djordje,"2026-08-12 13:30:12",0.616,5,djordjelazic
998,16682538,"Adithya Vijayakumar","2026-08-07 15:31:17",0.616,1,adithyavijayakumar
999,16669730,PRASAD,"2026-08-06 17:14:39",0.616,1,sawantprasad036
1000,16670695,"Toufiq Musah","2026-08-07 18:42:09",0.614,1,toufiqmusah
1001,16693429,Javier,"2026-08-10 18:49:29",0.612,3,javiernavas
1002,16683896,hyemin9999,"2026-08-09 12:05:21",0.611,4,hyemin9999
1003,16689414,"Saikat Paul","2026-08-09 09:51:42",0.610,1,bsaikatpaul
1004,16683926,sharmamayank221,"2026-08-11 00:56:23",0.610,4,sharmamayank221
1005,16692665,"Busya PRIME","2026-08-08 21:30:48",0.609,1,busyaprime
1006,16673723,Pascal,"2026-08-10 02:10:34",0.608,6,pascalledesma
1007,16685705,"Yusuke Togashi","2026-08-12 12:00:28",0.607,24,yusuketogashi
1008,16686367,"Chandra Yakkali","2026-08-10 03:57:19",0.604,10,chandrayakkali
1009,16675299,HAIM_Matrix,"2026-08-08 20:32:33",0.602,2,"dlordsjustified,jezrealmomoh,penieljay,thepatrickchukwu,tochukwufavour"
1010,16670764,"tensor choko","2026-08-05 23:01:33",0.602,1,tensorchoko
1011,16706177,"Viktor Becz","2026-08-11 16:59:14",0.602,3,viktorbecz
1012,16671282,Richie,"2026-08-12 13:25:16",0.600,4,starringo
1013,16689938,"Hitarth Pandey","2026-08-09 03:14:35",0.598,1,hitarthpandey
1014,16687814,"Vaidehee Dongre ","2026-08-10 00:25:27",0.596,3,vaideheedongre
1015,16676812,"Aviral Trivedi","2026-08-09 08:52:57",0.593,1,aviral342
1016,16695001,"Gunjan Kumar","2026-08-10 17:27:01",0.591,2,gunjank075
1017,16668997,Nimit_45,"2026-08-11 07:38:23",0.590,3,nimitmistry
1018,16672605,bawr,"2026-08-12 05:51:36",0.590,2,bauyrzhaniskakov
1019,16678516,Saivardhan98,"2026-08-08 20:20:28",0.589,5,saivardhan98
1020,16706058,"Diego Berti","2026-08-11 09:20:50",0.589,1,bertidiego
1021,16669211,Naji,"2026-08-07 23:48:40",0.589,9,najiama
1022,16693742,"Naisha Gajkandh","2026-08-09 08:22:06",0.589,1,naishagajkandh
1023,16683504,"SHOKHZOD ABDURAKHIMOV","2026-08-11 10:51:56",0.588,6,shokhzodabdurakhimov
1024,16675436,"Siva Kumar","2026-08-10 12:32:09",0.587,12,sivapnlr80
1025,16679628,"Biraj Thapa","2026-08-07 16:34:01",0.586,2,birajthapa07
1026,16684481,"Vince Zsumbera","2026-08-10 18:55:54",0.586,4,vincezsumbera
1027,16680548,"Raghav Parasher","2026-08-10 11:03:21",0.586,5,raghavparasher
1028,16671178,"Chen Nora","2026-08-06 01:33:48",0.585,1,chennora
1029,16676869,"Panagiotis Anagnostou","2026-08-10 20:37:22",0.585,2,panosanag
1030,16672090,josezhang1103,"2026-08-09 16:45:07",0.584,3,zhangyufan1103
1031,16682734,"Bastina Vlad Andrei","2026-08-07 13:54:40",0.581,4,vladbastina
1032,16679222,"James Atteh","2026-08-11 16:49:53",0.580,13,jamesatteh
1033,16692157,Fa,"2026-08-12 12:08:20",0.580,2,farhadabtahi
1034,16691006,"Chirapathleo Saelim","2026-08-10 16:08:49",0.579,2,chirapathleosaelim
1035,16670557,"Jason Yoon","2026-08-06 02:35:45",0.578,1,jasongyoon
1036,16680334,"Alberto Sornoza","2026-08-07 07:03:25",0.578,5,albertosornoza
1037,16687481,"M. Mudassar","2026-08-12 01:38:39",0.576,2,malikgt5
1038,16697698,"Bassel Elbahnasy","2026-08-11 11:12:31",0.576,1,basselashraf
1039,16712707,DARYL.MOR,"2026-08-12 16:23:50",0.575,1,darylmor
1040,16669289,"lucky cat","2026-08-07 11:39:44",0.575,3,chenjungming
1041,16680556,"Sami Almuaigl","2026-08-07 18:09:05",0.574,2,samialmuaigl
1042,16697699,Joehalol,"2026-08-11 18:56:21",0.573,1,joehalol
1043,16672655,mktdev,"2026-08-06 19:18:36",0.572,3,mktdev
1044,16685830,"zx samson","2026-08-10 06:07:46",0.571,1,zxsamson
1045,16676997,"alann batista","2026-08-07 16:40:52",0.571,8,alannbatista
1046,16681152,Lee14k,"2026-08-11 09:00:47",0.569,4,lee14k
1047,16686350,migbolivar,"2026-08-08 13:19:03",0.569,5,migbolivar
1048,16675637,"Barun Kumar","2026-08-11 18:33:40",0.567,3,barun2104
1049,16690460,vijay9666019317,"2026-08-09 06:27:10",0.566,1,vijay9666019317
1050,16678335,imasurgen,"2026-08-07 10:55:12",0.566,4,"dviess,himanshuchandela"
1051,16701993,yoonick,"2026-08-11 20:30:23",0.565,3,yoonick
1052,16670010,"Mohamed aziz blaidi","2026-08-06 23:48:23",0.565,2,mohamedazizblaidi
1053,16692692,"Nasiruddin Thander","2026-08-11 20:10:52",0.565,2,nasiruddinthander
1054,16678535,CaMaLabs,"2026-08-10 15:29:32",0.564,12,camalabs
1055,16680116,"Podila Sai Bhargav","2026-08-07 03:05:56",0.564,1,podilasaibhargav
1056,16687614,"Ahmed Mobasher","2026-08-10 21:53:36",0.564,2,ahmedmobasher86
1057,16681892,"soumodeep karmakar","2026-08-12 11:26:39",0.561,4,soumodeepkarmakar88
1058,16693933,paisan,"2026-08-12 05:35:35",0.561,2,"prikshitkaajla,swayamkapila"
1059,16675247,"Mukul Sharma","2026-08-08 12:12:22",0.561,3,mukul0584
1060,16686727,DecoFurkan2,"2026-08-08 17:19:29",0.560,3,decofurkan2
1061,16677993,BOSAI,"2026-08-08 08:46:49",0.558,1,arthurfranckz
1062,16685544,"Mohammad Yaser Hussain","2026-08-08 16:50:24",0.558,1,mohammadyaserhussain
1063,16682847,"Abdelhaq Ouelli","2026-08-12 12:50:56",0.558,6,abdelhaqouelli
1064,16676896,"Yunus Emre Sarıduman","2026-08-12 15:09:06",0.557,14,emresariduman
1065,16677453,"Mayank Dhodi","2026-08-10 15:38:12",0.556,1,mayankdhodi
1066,16682802,zlka,"2026-08-07 08:07:59",0.556,1,z3lkahmet
1067,16683237,RupsaSaha,"2026-08-12 08:35:31",0.554,5,rupsajina
1068,16677725,Rakibbhai,"2026-08-08 21:25:35",0.553,2,rakibbhai
1069,16690507,"Aditya #3","2026-08-09 07:03:01",0.551,2,a0x1ab
1070,16673099,"Robin Herz89","2026-08-07 06:56:25",0.550,2,robinherz89
1071,16677826,"TABOUT MHAMED","2026-08-09 20:29:32",0.548,3,taboutmhamed
1072,16678387,"Ayaan Ghosh","2026-08-07 02:48:14",0.547,2,ayan9001
1073,16684576,Deucalion_Sash,"2026-08-11 20:17:45",0.546,1,deucalionsash
1074,16678520,"Dr.Eldirdiri Fadol ","2026-08-08 12:46:07",0.546,4,dreldirdirifadol
1075,16678983,"hector cardenas","2026-08-09 20:24:57",0.543,4,hectorcardenas
1076,16680296,AlunoPatriota,"2026-08-07 02:22:47",0.543,1,alunopatriota
1077,16675109,"Ιωάννης Σταμελιάς","2026-08-09 18:32:27",0.542,8,giannhsstamelias
1078,16701174,YMH101217,"2026-08-11 15:53:59",0.541,3,ymh101217
1079,16691769,jojo,"2026-08-12 14:37:12",0.540,2,sharunrn
1080,16687394,"Preston McCauley","2026-08-08 04:23:13",0.539,2,prestonmccauley
1081,16689961,"KANJI SASAKI","2026-08-12 16:28:12",0.539,1,kanjisasaki
1082,16676631,"Roshan Roy","2026-08-12 12:59:39",0.539,2,roshanroy333
1083,16686129,Musa,"2026-08-11 18:22:23",0.538,4,zlatmusa
1084,16688971,"Parth Mall","2026-08-08 14:04:09",0.538,1,parthmall
1085,16688648,"Deepak R L","2026-08-09 03:30:45",0.538,5,deepakrl
1086,16685803,"Selim Akl","2026-08-07 16:40:10",0.537,1,selimakl
1087,16669679,"Umut Keltek","2026-08-09 23:36:01",0.537,15,umutkeltek
1088,16688191,"Adjie Prasetya","2026-08-09 09:15:44",0.536,3,adjieprasetya
1089,16673067,"Ashish Kumar Dwivedi","2026-08-11 04:11:43",0.536,5,adpassward709
1090,16670234,"Kirill Molostov","2026-08-08 21:09:31",0.535,1,kirillmolostov
1091,16689421,Vimal_ML,"2026-08-08 12:52:49",0.535,1,vimalml
1092,16687907,bustlingfungus,"2026-08-10 23:19:59",0.535,1,bustlingfungus
1093,16688480,KVNN,"2026-08-10 07:45:32",0.534,1,iinaamasum01
1094,16685241,"Knowledge Hungry","2026-08-11 15:36:18",0.534,1,mahyardana
1095,16685593,"Deekshitha K S","2026-08-08 09:19:41",0.533,5,deekshithakarnati21
1096,16679636,Sarah-J-Dias,"2026-08-09 01:32:40",0.533,2,sarahjdias
1097,16673421,"sixer srinath","2026-08-08 16:32:17",0.533,7,srinath2495
1098,16670251,febrifahmi,"2026-08-11 23:00:02",0.531,6,febrifahmi
1099,16697772,"Zaina El Alim","2026-08-10 21:48:17",0.529,8,zainaelalim
1100,16693022,maesaer,"2026-08-11 04:58:44",0.529,3,maesaer
1101,16670648,"Justin Arndt","2026-08-09 21:54:24",0.528,5,justinarndt
1102,16697780,Koostik126,"2026-08-11 20:28:58",0.528,4,kostya138
1103,16684659,"Alisha Khan","2026-08-10 20:55:51",0.527,3,alishhakhan
1104,16712094,DaffaSukaAI,"2026-08-12 14:30:23",0.527,5,daffasukaai
1105,16679624,"José Veraldo (José Neto)","2026-08-09 22:26:57",0.527,5,josveraldojosneto
1106,16680140,"Julio Contreras","2026-08-10 10:07:25",0.527,8,juliocontreras
1107,16679414,Pankhuri001,"2026-08-09 10:20:53",0.526,1,pankhuri001
1108,16674548,"TwinSim Labs","2026-08-11 04:39:19",0.526,1,"shivambajpai04,thebrownkid"
1109,16678818,"Aaradhy Singhvi","2026-08-09 17:40:20",0.526,2,aaradhysinghvi
1110,16670946,ممدوح,"2026-08-10 23:23:03",0.526,13,mamdouhbarkat
1111,16678439,"Paarth Bhatnagar","2026-08-12 11:15:28",0.526,3,paarth4772
1112,16690649,"Mohamad Orfali","2026-08-09 15:20:35",0.526,1,mohamadorfali
1113,16671513,"micheal ehab4","2026-08-09 22:06:21",0.525,1,michealehab4
1114,16695110,"Nguyễn Đăng Khoa","2026-08-10 01:03:21",0.524,4,nguynngkhoawedrt
1115,16682736,"Dauphin gratiné","2026-08-12 14:58:13",0.523,5,mauddelattre
1116,16680535,ianwulalala,"2026-08-11 05:00:05",0.523,4,ianwulalala
1117,16675976,"Maksim Khotinsky","2026-08-09 20:37:39",0.523,6,assistentus
1118,16689334,"Nihal Vellaramkallingal Sulaiman","2026-08-08 08:21:20",0.520,5,vsnihal
1119,16687063,"Marcell Molnar","2026-08-09 10:38:25",0.520,4,marcellmolnar
1120,16688457,Testete,"2026-08-09 05:56:59",0.518,3,testeteteste
1121,16708127,"Oscar Yáñez Feijóo","2026-08-11 19:40:17",0.518,3,oscaryezfeijo
1122,16687578,"Zak Boughlita","2026-08-09 19:05:29",0.518,4,zakboughlita
1123,16686353,"Tran duc anh ","2026-08-10 15:25:00",0.518,1,ducanh2
1124,16673047,rsato0731,"2026-08-07 12:15:37",0.517,1,rsato0731
1125,16680117,Andrea,"2026-08-08 00:16:44",0.517,3,andparr
1126,16679572,"ихсан саурыков","2026-08-06 22:50:46",0.516,1,ihsanto
1127,16712491,"Arik Poghosyan","2026-08-12 13:38:21",0.516,1,arikpoghosyan
1128,16699190,"Vikram Tiwari","2026-08-10 07:06:04",0.515,2,vikramtiwari
1129,16686044,"samreen sami","2026-08-09 18:37:07",0.515,2,samreensami
1130,16683262,"PEDRO GOMEZ TEJERINA","2026-08-12 11:57:54",0.514,2,pedrogomeztejerina
1131,16705779,"Mohammad Saidul Islam","2026-08-11 06:26:55",0.514,3,mohammadsaidulislam
1132,16671018,"Kursat K","2026-08-08 02:49:38",0.514,3,minercoder
1133,16677074,KiKi,"2026-08-07 13:39:47",0.513,4,kingkiller2164
1134,16672422,"Iris Nguyen","2026-08-06 10:28:02",0.513,1,irisnguyen2012
1135,16689163,"David Adekanmi","2026-08-09 16:09:38",0.513,2,davidadekanmi
1136,16691184,"Frederick K Arthur","2026-08-10 01:01:49",0.512,1,frederickkarthur
1137,16687409,"GOPIKRISHNAN T C","2026-08-10 05:50:34",0.511,2,gopikrishnantc
1138,16678837,"Dakota Vannauker","2026-08-06 22:46:39",0.511,5,dakotavannauker
1139,16695911,"Chunyi Liu","2026-08-09 14:00:54",0.511,2,cliu238
1140,16701154,"Yash Ingole","2026-08-10 13:04:38",0.511,1,reinforcedengineer
1141,16679319,"Dimitrios Giannoulis","2026-08-08 13:29:08",0.510,1,plagiagia
1142,16679282,"Nadeem Ahmad","2026-08-12 12:31:57",0.509,2,nadeemahmad36
1143,16679824,"Harshul Gupta","2026-08-11 00:18:58",0.509,3,harshulgupta77
1144,16687513,SimsallaGrimm,"2026-08-07 20:30:19",0.509,1,simsallagrimm
1145,16675181,"HRUGWED ZAGADE","2026-08-07 08:11:57",0.508,2,hrugwedzagade
1146,16712210,"YUTO KOJIMA","2026-08-12 15:41:45",0.508,1,kojimatech
1147,16688751,easonyanyan,"2026-08-08 23:08:18",0.507,2,easonyanyan
1148,16697864,"Khamzat Chakhkiev","2026-08-10 18:51:24",0.507,2,khamzatchakhkiev
1149,16672654,"Avik Das","2026-08-06 18:35:18",0.507,2,avikdas567
1150,16697832,johnsebin97,"2026-08-12 10:20:05",0.507,3,johnsebin97
1151,16677284,"Gaddale Jaswanth Rao","2026-08-08 19:57:51",0.506,4,gaddalejaswanthrao
1152,16678931,"Erdem Bozyel","2026-08-07 12:40:43",0.505,1,erdembozyel
1153,16688055,"Leumas Haiid","2026-08-10 12:50:34",0.504,3,leumashaiid
1154,16678120,"Rilen T. L.","2026-08-09 03:04:39",0.503,2,rilentl
1155,16683279,"Rushikesh Gaonkar","2026-08-11 10:10:43",0.503,5,rushikeshgaonkar
1156,16679925,"PAVAN KUMAR KOTI","2026-08-11 23:22:28",0.503,1,pavankumarkoti
1157,16679327,4Solver,"2026-08-08 00:21:16",0.502,6,msfbiolinhares
1158,16676266,"José Cachucho","2026-08-07 19:45:45",0.502,2,zecach
1159,16698488,"Trịnh Quang Minh","2026-08-10 14:34:09",0.502,1,trnhquangminh140
1160,16700313,"Prabhat Krishna ","2026-08-11 11:48:46",0.502,1,prabhatkrishna
1161,16676959,"Taneti Sanjay","2026-08-10 06:53:31",0.501,2,tanetisanjay
1162,16669624,"Ranadeep Saha","2026-08-07 17:35:52",0.501,1,ranadeep02
1163,16669144,bsenst,"2026-08-06 07:29:45",0.500,5,bnzn261029
1164,16703316,smbgray,"2026-08-11 13:01:49",0.500,5,oleksandrbilochenko
1165,16682395,"SHIJIE CHEN","2026-08-08 00:42:20",0.500,4,kagurakurage
1166,16668972,"Kapilraj R","2026-08-06 01:59:05",0.500,3,kapilrajr
1167,16669654,Yuki_ARL,"2026-08-05 18:08:40",0.500,1,yukiarl
1168,16669994,primal,"2026-08-06 01:16:15",0.500,1,primalhost
1169,16672336,"Chaitanya Sonaje","2026-08-07 13:02:00",0.500,6,chaitanya205
1170,16673672,"Aastha Shayla","2026-08-06 08:30:26",0.500,1,aasthashayla9898
1171,16672755,KjjKjjK3107,"2026-08-06 08:50:00",0.500,1,"drashtisingh14,kjjkjjk3107"
1172,16674596,"Luka Duvanov","2026-08-06 11:36:26",0.500,1,nekkon
1173,16674968,"Shyaam Nanthan","2026-08-06 12:01:01",0.500,1,shyaamnanthan
1174,16675102,さめしま,"2026-08-06 13:28:25",0.500,2,masahikosameshima
1175,16675584,Tarun227,"2026-08-06 14:41:33",0.500,1,tarun227
1176,16677483,"Guruguhan Sivakumar","2026-08-06 17:42:33",0.500,1,guruguhansivakumar
1177,16677055,"Pes Papankon","2026-08-06 18:34:18",0.500,5,pespapankon
1178,16678228,thAbs,"2026-08-06 22:11:32",0.500,1,thiagoabreu
1179,16679712,"Santo Paul","2026-08-07 00:47:54",0.500,1,santopaul
1180,16677638,"Fratres X AI","2026-08-07 15:23:17",0.500,3,kbean413
1181,16680181,"Bedashree Swarupa Das","2026-08-07 12:37:20",0.500,4,ashokkumardasbedashr
1182,16679906,"Amey Mestry 4218","2026-08-07 21:40:29",0.500,3,ameymestry4218
1183,16680661,"Bhaskar Manepalli","2026-08-07 12:28:29",0.500,5,bhaskarmanepalli
1184,16676871,Floukie,"2026-08-07 04:44:20",0.500,2,vantavek
1185,16679921,stunningvn,"2026-08-08 05:26:17",0.500,6,dedquoc
1186,16681215,Megha28Deshmukh,"2026-08-07 06:25:12",0.500,1,megha28deshmukh
1187,16681145,"Chaitanya Jamble","2026-08-07 07:00:25",0.500,4,chaitanyajamble
1188,16682724,"Ashikaa Sri Arun","2026-08-07 07:31:17",0.500,1,ashikaasriarun
1189,16678953,Devanshk09,"2026-08-07 07:46:08",0.500,1,devanshk09
1190,16674614,hyx0618,"2026-08-09 15:56:24",0.500,2,hyx0618
1191,16682590,"yunchuan liu","2026-08-10 00:41:51",0.500,2,hoteye
1192,16684301,qpoch,"2026-08-07 11:29:36",0.500,1,qpochlabs
1193,16676920,SiddarthNayak50,"2026-08-07 14:00:24",0.500,2,siddarthnayak50
1194,16685230,"Vaibhav Tyagi","2026-08-07 13:52:28",0.500,1,vaibhavattri
1195,16671187,kitakuriya315,"2026-08-10 00:55:15",0.500,3,kitakuriya315
1196,16686854,"YASH FIRAKE","2026-08-07 18:42:07",0.500,1,yashfirake
1197,16686202,"Amit Ajit Kumar","2026-08-08 18:12:13",0.500,5,amitajitkumar
1198,16687339,"Panchal Preet","2026-08-07 20:15:19",0.500,1,panchalpreet
1199,16687108,"Anshum Bansode","2026-08-07 20:33:55",0.500,2,anshumbansode
1200,16687679,"Lucca Nanoia","2026-08-07 21:25:36",0.500,1,luccananoia
1201,16687741,"Andreas @ Tenki Labs","2026-08-07 21:25:53",0.500,1,andreasgronbeck
1202,16685221,"Cheng Ting Lin","2026-08-08 11:35:37",0.500,2,chengtinglin
1203,16670369,rkd,"2026-08-08 00:19:45",0.500,1,ryookd
1204,16678603,quantcrypto3,"2026-08-08 01:17:35",0.500,1,quantcrypto3
1205,16674564,g0bsters,"2026-08-08 07:13:16",0.500,1,g0bsters
1206,16682461,willyp74,"2026-08-08 08:16:27",0.500,1,willyp74
1207,16684781,"Aman Gupta","2026-08-08 12:04:34",0.500,2,amanguptanit
1208,16687017,"ADITYA RAJ #2","2026-08-09 00:04:15",0.500,6,adityaraj0612
1209,16684064,"Shoroogh Ahmadi","2026-08-08 11:23:20",0.500,1,shorooghahmadi
1210,16678235,"Yuvraj Bhatkariya","2026-08-08 12:36:19",0.500,2,yuvrajbhatkariya
1211,16688902,Lewisely,"2026-08-08 12:43:55",0.500,1,lewisely
1212,16675199,minerppdy,"2026-08-12 14:45:20",0.500,5,minerppdy
1213,16675162,"Denise Munchen Brandao","2026-08-08 14:41:04",0.500,1,denisemunchenbrandao
1214,16691341,"xiaozhan han","2026-08-08 15:02:03",0.500,1,xiaozhanhan
1215,16690285,"Abiram Bharathi S.A","2026-08-11 13:17:50",0.500,9,abirambharathisa
1216,16686562,"Vijay Kumar 229","2026-08-08 18:31:47",0.500,2,vijaykumar229
1217,16689329,"Annice Najafi","2026-08-08 18:06:18",0.500,1,annicenajafi
1218,16691658,"Ravindra Chauhan50","2026-08-08 18:08:17",0.500,1,ravindrachauhan50
1219,16692613,EKMorris,"2026-08-10 17:35:36",0.500,8,hdraider
1220,16693167,"zulfikar isiklar","2026-08-08 23:54:41",0.500,1,zulfikarisiklar
1221,16693163,"Yağızhan Keskin","2026-08-09 00:07:16",0.500,1,yazhankeskin
1222,16685468,"Kandregula V S S V P Krishna Murthy","2026-08-11 03:58:40",0.500,4,kkandregula
1223,16676088,Krishnapatham,"2026-08-09 07:38:58",0.500,1,krishnapatham
1224,16669793,"Adrián Caderno","2026-08-09 11:11:37",0.500,1,adriancaderno
1225,16690992,IqraM,"2026-08-09 12:19:49",0.500,1,iqram2000
1226,16695579,"Nikitas Rafael Nikitas","2026-08-12 11:43:54",0.500,3,rafanikitas
1227,16696209,Scio,"2026-08-09 19:44:17",0.500,1,siamrahman29
1228,16679642,"Nathan Humphrey","2026-08-09 21:31:24",0.500,1,goodluckhavefun4
1229,16697848,"Yuki Sahashi","2026-08-10 00:34:30",0.500,1,mourinho384
1230,16698274,"Ahnaf Atef Choudhury","2026-08-10 02:38:21",0.500,1,ahnafatefchoudhury
1231,16693958,"Yong Ming-Jia","2026-08-10 03:10:05",0.500,1,ymingj
1232,16697470,"Galiveeti Poornima","2026-08-11 08:11:51",0.500,3,galiveetipoornima
1233,16686057,Saminon,"2026-08-10 05:34:07",0.500,1,saminon
1234,16699398,"Dariush Afshar","2026-08-10 06:50:31",0.500,1,dariushafshar
1235,16698630,Sophie555,"2026-08-10 07:29:13",0.500,2,sophie555
1236,16694593,"shehab ahmed","2026-08-11 12:15:41",0.500,4,shehabahmed74
1237,16700901,"Yuminosuke Sato","2026-08-10 12:47:08",0.500,1,yuminosukesato
1238,16691294,"chee sin","2026-08-10 16:36:00",0.500,1,cheesinnn
1239,16702164,"Ragheb haddara","2026-08-10 17:46:30",0.500,1,l4r3nn
1240,16692713,"Phil Gear","2026-08-10 20:18:59",0.500,6,philgear
1241,16670327,"Shaurya Singh","2026-08-10 23:35:25",0.500,1,shauryasingh06
1242,16671505,trantrikien239,"2026-08-11 01:19:54",0.500,5,trantrikien239
1243,16704909,"Steven #2","2026-08-11 02:55:41",0.500,5,sg1020
1244,16707023,P3terHud,"2026-08-11 11:05:57",0.500,1,p3terhud
1245,16695370,"Dinh Tung Phan","2026-08-11 13:22:35",0.500,1,dinhtungphan
1246,16693068,Push,"2026-08-11 17:06:48",0.500,1,matheuspush
1247,16703766,"Francesco Zaccaria","2026-08-11 18:06:02",0.500,3,francescozaccaria
1248,16705601,Soham-gawd-47,"2026-08-11 18:47:24",0.500,3,sohamgawd47foden
1249,16704645,MJ121212,"2026-08-12 00:39:55",0.500,1,mj121212
1250,16674457,QQQXXX123,"2026-08-12 00:41:15",0.500,2,qqqxxx123
1251,16699781,"Lebron Spreads His Wings","2026-08-12 02:22:15",0.500,1,"tannkoy,wez3036242019,xlzzhao"
1252,16709887,"arham gupta","2026-08-12 03:18:17",0.500,1,"arhamgupta09,neellad1"
1253,16671392,"saran karthick","2026-08-12 06:46:54",0.500,3,saran612
1254,16710382,"Venkata sai teja mothukuri","2026-08-12 08:25:32",0.500,1,saitejave
1255,16683581,ShirishGp,"2026-08-12 09:18:50",0.500,1,shirishgp
1256,16712244,"elegantangel (628700)","2026-08-12 12:33:22",0.500,1,elegantangel
1257,16705517,"Miguel Herrera P","2026-08-12 13:02:20",0.500,1,miguelherrerap
1258,16712226,"radji kraim","2026-08-12 13:29:47",0.500,1,radjikraim
1259,16696688,"Guilherme Detoni","2026-08-12 14:34:17",0.500,1,guilhermedetoni
1260,16713017,CherylStoned,"2026-08-12 15:23:01",0.500,1,cherylstoned
1261,16699314,KirklandSAN,"2026-08-12 15:46:54",0.500,1,"kirklandsan,xxxx0314,yunfeiyang223"
1262,16706750,ylxy123,"2026-08-12 15:56:25",0.500,1,yaolinxiangyu
1263,16710411,appu2431,"2026-08-12 16:23:12",0.500,3,appu2431
1264,16713472,"Seyit kaan Gunes","2026-08-12 17:00:28",0.500,1,seyitkaangunes
1265,16675681,"Luis Enrique Dalmau","2026-08-08 06:44:16",0.498,1,luisenriquedalmau
1266,16691795,"ayo paul","2026-08-10 11:59:19",0.498,2,ayopaul
1267,16683274,⬇️↘️↔️↗️⬆️☑️,"2026-08-09 17:58:21",0.497,3,ridhamostefa
1268,16690902,"Youssef Basem","2026-08-11 09:43:44",0.497,2,you55efba5
1269,16672559,Abhinav4516788,"2026-08-12 07:45:39",0.497,3,abhinav4516788
1270,16676870,noril09,"2026-08-07 17:25:05",0.496,1,noril09
1271,16679711,Unikrau,"2026-08-08 07:03:34",0.492,2,unikrau
1272,16688309,"Ayansh Paliwal","2026-08-10 13:25:23",0.490,5,ayanshpaliwal
1273,16690130,"Bogdan Basd","2026-08-09 14:27:27",0.487,2,bogdanbasd
1274,16686769,macmo1,"2026-08-11 15:51:38",0.483,1,macmo1
1275,16669829,"Suman Sharma","2026-08-10 22:44:44",0.475,2,suman2208
1276,16679757,"Brandon O","2026-08-07 13:39:12",0.468,1,mldude
